Sample,Allele,HLA-DQA1,HLA-DQB1,HLA-DRB1,HLA-DRB3,HLA-DRB4,HLA-DRB5
SOTE1,Allele_1,HLA-DQA1*01:02,HLA-DQB1*03:02,HLA-DRB1*04:02,,HLA-DRB4*01:03,HLA-DRB5*02:02
SOTE1,Allele_2,HLA-DQA1*03:01,HLA-DQB1*05:05,HLA-DRB1*16:01,,HLA-DRB4*01:03,HLA-DRB5*02:02
SOTE100,Allele_1,HLA-DQA1*01:02,HLA-DQB1*05:01,HLA-DRB1*10:01,,HLA-DRB4*01:03,HLA-DRB5*02:02
SOTE100,Allele_2,HLA-DQA1*01:05#1,HLA-DQB1*05:02,HLA-DRB1*16:01,,HLA-DRB4*01:03,HLA-DRB5*02:02
SOTE1000,Allele_1,HLA-DQA1*01:01,HLA-DQB1*05:01,HLA-DRB1*01:01,HLA-DRB3*02:02,HLA-DRB4*01:03,HLA-DRB5*02:02
SOTE1000,Allele_1,,,HLA-DRB1*01:100,,,
SOTE1000,Allele_2,HLA-DQA1*01:03,HLA-DQB1*06:03,HLA-DRB1*13:01,HLA-DRB3*02:02,HLA-DRB4*01:03,HLA-DRB5*02:02
SOTE1004,Allele_1,HLA-DQA1*01:01,HLA-DQB1*03:01,HLA-DRB1*01:01,HLA-DRB3*02:02,,
SOTE1004,Allele_1,,HLA-DQB1*03:358N,HLA-DRB1*01:100,HLA-DRB3*02:110,,
SOTE1004,Allele_1,,,,HLA-DRB3*02:34,,
SOTE1004,Allele_1,,,,HLA-DRB3*02:46,,
SOTE1004,Allele_2,HLA-DQA1*05:05,HLA-DQB1*05:01,HLA-DRB1*11:01,HLA-DRB3*02:02,,
SOTE1004,Allele_2,,,,HLA-DRB3*02:110,,
SOTE1004,Allele_2,,,,HLA-DRB3*02:34,,
SOTE1004,Allele_2,,,,HLA-DRB3*02:46,,
SOTE101,Allele_1,HLA-DQA1*01:02,HLA-DQB1*03:03,HLA-DRB1*07:01,,HLA-DRB4*01:03,HLA-DRB5*01:01
SOTE101,Allele_2,HLA-DQA1*02:01,HLA-DQB1*06:02,HLA-DRB1*15:01,,HLA-DRB4*01:03,HLA-DRB5*01:01
SOTE1010,Allele_1,HLA-DQA1*03:01,HLA-DQB1*02:01,HLA-DRB1*03:01,HLA-DRB3*01:01,HLA-DRB4*01:03,
SOTE1010,Allele_1,,,HLA-DRB1*03:147,,,
SOTE1010,Allele_2,HLA-DQA1*05:01,HLA-DQB1*03:02,HLA-DRB1*04:01,HLA-DRB3*01:01,HLA-DRB4*01:03,
SOTE1012,Allele_1,HLA-DQA1*01:02,HLA-DQB1*02:02,HLA-DRB1*07:01,,HLA-DRB4*01:03,HLA-DRB5*02:02
SOTE1012,Allele_2,HLA-DQA1*02:01,HLA-DQB1*05:02,HLA-DRB1*16:59Q#1,,HLA-DRB4*01:03,HLA-DRB5*02:02
SOTE1015,Allele_1,HLA-DQA1*01:02,HLA-DQB1*03:02,HLA-DRB1*04:02,,HLA-DRB4*01:03,HLA-DRB5*02:02
SOTE1015,Allele_2,HLA-DQA1*03:01,HLA-DQB1*05:02,HLA-DRB1*16:01,,HLA-DRB4*01:03,HLA-DRB5*02:02
SOTE1015,Allele_2,,,HLA-DRB1*16:15,,,
SOTE1015,Allele_2,,,HLA-DRB1*16:24,,,
SOTE1015,Allele_2,,,HLA-DRB1*16:32,,,
SOTE1015,Allele_2,,,HLA-DRB1*16:34,,,
SOTE1015,Allele_2,,,HLA-DRB1*16:49,,,
SOTE1018,Allele_1,HLA-DQA1*01:02,HLA-DQB1*03:02,HLA-DRB1*04:03,HLA-DRB3*03:01,HLA-DRB4*01:03,
SOTE1018,Allele_1,,,HLA-DRB1*04:07,,,
SOTE1018,Allele_1,,,HLA-DRB1*04:142N,,,
SOTE1018,Allele_1,,,HLA-DRB1*04:181,,,
SOTE1018,Allele_1,,,HLA-DRB1*04:195,,,
SOTE1018,Allele_1,,,HLA-DRB1*04:222,,,
SOTE1018,Allele_1,,,HLA-DRB1*04:226,,,
SOTE1018,Allele_1,,,HLA-DRB1*04:27,,,
SOTE1018,Allele_1,,,HLA-DRB1*04:298,,,
SOTE1018,Allele_1,,,HLA-DRB1*04:52,,,
SOTE1018,Allele_2,HLA-DQA1*03:01,HLA-DQB1*06:04,HLA-DRB1*13:02,HLA-DRB3*03:01,HLA-DRB4*01:03,
SOTE102,Allele_1,HLA-DQA1*01:03,HLA-DQB1*02:02,HLA-DRB1*07:01,,HLA-DRB4*01:03,HLA-DRB5*01:02
SOTE102,Allele_2,HLA-DQA1*02:01,HLA-DQB1*06:01,HLA-DRB1*15:02,,HLA-DRB4*01:03,HLA-DRB5*01:02
SOTE102,Allele_2,,,HLA-DRB1*15:140,,,
SOTE102,Allele_2,,,HLA-DRB1*15:149,,,
SOTE1021,Allele_1,HLA-DQA1*01:02#1,HLA-DQB1*05:02,HLA-DRB1*01:01,,HLA-DRB4*01:03,HLA-DRB5*02:02
SOTE1021,Allele_1,,,HLA-DRB1*01:100,,,
SOTE1021,Allele_2,HLA-DQA1*01:03,HLA-DQB1*06:03,HLA-DRB1*16:01,,HLA-DRB4*01:03,HLA-DRB5*02:02
SOTE1022,Allele_1,HLA-DQA1*02:01,HLA-DQB1*02:02,HLA-DRB1*07:01,HLA-DRB3*02:02,HLA-DRB4*01:03,
SOTE1022,Allele_2,HLA-DQA1*05:05,HLA-DQB1*03:01,HLA-DRB1*11:04,HLA-DRB3*02:02,HLA-DRB4*01:03,
SOTE1022,Allele_2,,HLA-DQB1*03:358N,,,,
SOTE1023,Allele_1,HLA-DQA1*01:01,HLA-DQB1*05:01,HLA-DRB1*01:01,HLA-DRB3*02:02,,
SOTE1023,Allele_1,,,HLA-DRB1*01:100,HLA-DRB3*02:110,,
SOTE1023,Allele_1,,,,HLA-DRB3*02:34,,
SOTE1023,Allele_1,,,,HLA-DRB3*02:46,,
SOTE1023,Allele_2,HLA-DQA1*01:04,HLA-DQB1*05:02,HLA-DRB1*14:216,HLA-DRB3*02:02,,
SOTE1023,Allele_2,,,HLA-DRB1*14:54,HLA-DRB3*02:110,,
SOTE1023,Allele_2,,,,HLA-DRB3*02:34,,
SOTE1023,Allele_2,,,,HLA-DRB3*02:46,,
SOTE1026,Allele_1,HLA-DQA1*01:03,HLA-DQB1*04:02,HLA-DRB1*08:01,HLA-DRB3*02:02,,
SOTE1026,Allele_2,HLA-DQA1*04:01,HLA-DQB1*06:03,HLA-DRB1*13:01,HLA-DRB3*02:02,,
SOTE1027,Allele_1,HLA-DQA1*01:02,HLA-DQB1*03:01,HLA-DRB1*11:04,HLA-DRB3*02:02,,HLA-DRB5*01:01
SOTE1027,Allele_1,,HLA-DQB1*03:358N,,,,
SOTE1027,Allele_2,HLA-DQA1*05:05,HLA-DQB1*06:02,HLA-DRB1*15:01,HLA-DRB3*02:02,,HLA-DRB5*01:01
SOTE103,Allele_1,HLA-DQA1*03:01,HLA-DQB1*02:01,HLA-DRB1*03:01,HLA-DRB3*02:02,HLA-DRB4*01:03,
SOTE103,Allele_1,,,HLA-DRB1*03:147,HLA-DRB3*02:110,,
SOTE103,Allele_1,,,,HLA-DRB3*02:34,,
SOTE103,Allele_1,,,,HLA-DRB3*02:41,,
SOTE103,Allele_1,,,,HLA-DRB3*02:46,,
SOTE103,Allele_1,,,,HLA-DRB3*02:64,,
SOTE103,Allele_1,,,,HLA-DRB3*02:74,,
SOTE103,Allele_1,,,,HLA-DRB3*02:79,,
SOTE103,Allele_1,,,,HLA-DRB3*02:99,,
SOTE103,Allele_2,HLA-DQA1*05:01,HLA-DQB1*03:02,HLA-DRB1*04:01,HLA-DRB3*02:02,HLA-DRB4*01:03,
SOTE103,Allele_2,,,HLA-DRB1*04:119N,HLA-DRB3*02:110,,
SOTE103,Allele_2,,,HLA-DRB1*04:13,HLA-DRB3*02:34,,
SOTE103,Allele_2,,,HLA-DRB1*04:130,HLA-DRB3*02:41,,
SOTE103,Allele_2,,,HLA-DRB1*04:151,HLA-DRB3*02:46,,
SOTE103,Allele_2,,,HLA-DRB1*04:215,HLA-DRB3*02:64,,
SOTE103,Allele_2,,,,HLA-DRB3*02:74,,
SOTE103,Allele_2,,,,HLA-DRB3*02:79,,
SOTE103,Allele_2,,,,HLA-DRB3*02:99,,
SOTE1032,Allele_1,HLA-DQA1*01:02,HLA-DQB1*03:02,HLA-DRB1*04:03,,HLA-DRB4*01:03,HLA-DRB5*01:01
SOTE1032,Allele_1,,,,,,HLA-DRB5*01:18
SOTE1032,Allele_2,HLA-DQA1*03:01,HLA-DQB1*06:02,HLA-DRB1*15:01,,HLA-DRB4*01:03,HLA-DRB5*01:01
SOTE1032,Allele_2,,,,,,HLA-DRB5*01:18
SOTE1035,Allele_1,HLA-DQA1*01:02,HLA-DQB1*03:02,HLA-DRB1*04:02,,HLA-DRB4*01:03,HLA-DRB5*01:01
SOTE1035,Allele_2,HLA-DQA1*03:01,HLA-DQB1*06:02,HLA-DRB1*15:01,,HLA-DRB4*01:03,HLA-DRB5*01:01
SOTE1041,Allele_1,HLA-DQA1*01:01,HLA-DQB1*03:03,HLA-DRB1*01:01,,HLA-DRB4*01:03,
SOTE1041,Allele_1,,,HLA-DRB1*01:100,,,
SOTE1041,Allele_2,HLA-DQA1*02:01,HLA-DQB1*05:01,HLA-DRB1*07:01,,HLA-DRB4*01:03,
SOTE1043,Allele_1,HLA-DQA1*01:02,HLA-DQB1*03:01,HLA-DRB1*11:04,HLA-DRB3*02:02,,HLA-DRB5*02:02
SOTE1043,Allele_1,,HLA-DQB1*03:358N,,,,
SOTE1043,Allele_2,HLA-DQA1*05:05,HLA-DQB1*05:02,HLA-DRB1*16:01,HLA-DRB3*02:02,,HLA-DRB5*02:02
SOTE1043,Allele_2,,,HLA-DRB1*16:15,,,
SOTE1043,Allele_2,,,HLA-DRB1*16:24,,,
SOTE1043,Allele_2,,,HLA-DRB1*16:32,,,
SOTE1043,Allele_2,,,HLA-DRB1*16:34,,,
SOTE1043,Allele_2,,,HLA-DRB1*16:42,,,
SOTE1043,Allele_2,,,HLA-DRB1*16:49,,,
SOTE1043,Allele_2,,,HLA-DRB1*16:59Q,,,
SOTE1044,Allele_1,HLA-DQA1*01:02,HLA-DQB1*02:02,HLA-DRB1*07:01,HLA-DRB3*03:01,HLA-DRB4*01:01,
SOTE1044,Allele_2,HLA-DQA1*02:01,HLA-DQB1*06:04,HLA-DRB1*13:02,HLA-DRB3*03:01,HLA-DRB4*01:01,
SOTE1046,Allele_1,HLA-DQA1*01:02,HLA-DQB1*05:02,HLA-DRB1*15:01,,,HLA-DRB5*01:01
SOTE1046,Allele_1,,,,,,HLA-DRB5*01:18
SOTE1046,Allele_1,,,,,,HLA-DRB5*01:31
SOTE1046,Allele_1,,,,,,HLA-DRB5*01:44
SOTE1046,Allele_1,,,,,,HLA-DRB5*01:50
SOTE1046,Allele_2,HLA-DQA1*01:02,HLA-DQB1*06:02,HLA-DRB1*16:01,,,HLA-DRB5*02:02
SOTE1046,Allele_2,,,HLA-DRB1*16:15,,,
SOTE1046,Allele_2,,,HLA-DRB1*16:24,,,
SOTE1046,Allele_2,,,HLA-DRB1*16:32,,,
SOTE1046,Allele_2,,,HLA-DRB1*16:34,,,
SOTE1046,Allele_2,,,HLA-DRB1*16:49,,,
SOTE105,Allele_1,HLA-DQA1*05:01,HLA-DQB1*02:01,HLA-DRB1*03:01,HLA-DRB3*02:02,,
SOTE105,Allele_1,,,HLA-DRB1*03:147,HLA-DRB3*02:110,,
SOTE105,Allele_1,,,HLA-DRB1*03:68N,HLA-DRB3*02:34,,
SOTE105,Allele_1,,,,HLA-DRB3*02:46,,
SOTE105,Allele_1,,,,HLA-DRB3*02:64,,
SOTE105,Allele_1,,,,HLA-DRB3*02:74,,
SOTE105,Allele_1,,,,HLA-DRB3*02:79,,
SOTE105,Allele_2,HLA-DQA1*05:05,HLA-DQB1*03:01,HLA-DRB1*11:01,HLA-DRB3*02:02,,
SOTE105,Allele_2,,HLA-DQB1*03:358N,,HLA-DRB3*02:110,,
SOTE105,Allele_2,,,,HLA-DRB3*02:34,,
SOTE105,Allele_2,,,,HLA-DRB3*02:46,,
SOTE105,Allele_2,,,,HLA-DRB3*02:64,,
SOTE105,Allele_2,,,,HLA-DRB3*02:74,,
SOTE105,Allele_2,,,,HLA-DRB3*02:79,,
SOTE1051,Allele_1,HLA-DQA1*01:03,HLA-DQB1*02:01,HLA-DRB1*03:01,HLA-DRB3*01:01,,
SOTE1051,Allele_1,,,HLA-DRB1*03:147,,,
SOTE1051,Allele_2,HLA-DQA1*05:01,HLA-DQB1*06:03,HLA-DRB1*13:01,HLA-DRB3*02:02,,
SOTE1055,Allele_1,HLA-DQA1*01:03,HLA-DQB1*02:02,HLA-DRB1*07:01,HLA-DRB3*02:02,HLA-DRB4*01:01,
SOTE1055,Allele_2,HLA-DQA1*02:01,HLA-DQB1*06:03,HLA-DRB1*13:01,HLA-DRB3*02:02,HLA-DRB4*01:01,
SOTE1058,Allele_1,HLA-DQA1*01:02,HLA-DQB1*03:01,HLA-DRB1*11:01,HLA-DRB3*02:02,,HLA-DRB5*02:02
SOTE1058,Allele_1,,HLA-DQB1*03:358N,,,,
SOTE1058,Allele_2,HLA-DQA1*05:05,HLA-DQB1*05:02,HLA-DRB1*16:01,HLA-DRB3*02:02,,HLA-DRB5*02:02
SOTE1058,Allele_2,,,HLA-DRB1*16:15,,,
SOTE1058,Allele_2,,,HLA-DRB1*16:24,,,
SOTE1058,Allele_2,,,HLA-DRB1*16:32,,,
SOTE1058,Allele_2,,,HLA-DRB1*16:34,,,
SOTE1058,Allele_2,,,HLA-DRB1*16:49,,,
SOTE1061,Allele_1,HLA-DQA1*01:02,HLA-DQB1*02:02,HLA-DRB1*07:01,,HLA-DRB4*01:03,HLA-DRB5*01:01
SOTE1061,Allele_1,,,,,,HLA-DRB5*01:18
SOTE1061,Allele_2,HLA-DQA1*02:01,HLA-DQB1*06:03,HLA-DRB1*15:01,,HLA-DRB4*01:03,HLA-DRB5*01:01
SOTE1061,Allele_2,,,,,,HLA-DRB5*01:18
SOTE1062,Allele_1,HLA-DQA1*01:02,HLA-DQB1*03:01,HLA-DRB1*11:01,HLA-DRB3*02:02,,HLA-DRB5*02:02
SOTE1062,Allele_1,,HLA-DQB1*03:358N,,,,
SOTE1062,Allele_2,HLA-DQA1*05:05,HLA-DQB1*05:02,HLA-DRB1*16:01,HLA-DRB3*02:02,,HLA-DRB5*02:02
SOTE1062,Allele_2,,,HLA-DRB1*16:15,,,
SOTE1062,Allele_2,,,HLA-DRB1*16:24,,,
SOTE1062,Allele_2,,,HLA-DRB1*16:32,,,
SOTE1062,Allele_2,,,HLA-DRB1*16:34,,,
SOTE1062,Allele_2,,,HLA-DRB1*16:49,,,
SOTE1064,Allele_1,HLA-DQA1*01:03,HLA-DQB1*03:01,HLA-DRB1*11:01,HLA-DRB3*02:02,,HLA-DRB5*01:02
SOTE1064,Allele_1,,HLA-DQB1*03:358N,,,,
SOTE1064,Allele_2,HLA-DQA1*05:05,HLA-DQB1*06:01,HLA-DRB1*15:02,HLA-DRB3*02:02,,HLA-DRB5*01:02
SOTE1064,Allele_2,,,HLA-DRB1*15:140,,,
SOTE1064,Allele_2,,,HLA-DRB1*15:149,,,
SOTE1065,Allele_1,HLA-DQA1*02:01,HLA-DQB1*02:02,HLA-DRB1*04:01,,HLA-DRB4*01:01,
SOTE1065,Allele_2,HLA-DQA1*03:03,HLA-DQB1*03:01,HLA-DRB1*07:01,,HLA-DRB4*01:03,
SOTE1065,Allele_2,,HLA-DQB1*03:358N,,,,
SOTE1066,Allele_1,HLA-DQA1*02:01,HLA-DQB1*02:02,HLA-DRB1*07:01,HLA-DRB3*02:02,,
SOTE1066,Allele_1,,,,HLA-DRB3*02:110,,
SOTE1066,Allele_1,,,,HLA-DRB3*02:34,,
SOTE1066,Allele_1,,,,HLA-DRB3*02:46,,
SOTE1066,Allele_1,,,,HLA-DRB3*02:64,,
SOTE1066,Allele_1,,,,HLA-DRB3*02:74,,
SOTE1066,Allele_1,,,,HLA-DRB3*02:79,,
SOTE1066,Allele_2,HLA-DQA1*05:05,HLA-DQB1*03:01,HLA-DRB1*11:04,HLA-DRB3*02:02,,
SOTE1066,Allele_2,,HLA-DQB1*03:358N,,HLA-DRB3*02:110,,
SOTE1066,Allele_2,,,,HLA-DRB3*02:34,,
SOTE1066,Allele_2,,,,HLA-DRB3*02:46,,
SOTE1066,Allele_2,,,,HLA-DRB3*02:64,,
SOTE1066,Allele_2,,,,HLA-DRB3*02:74,,
SOTE1066,Allele_2,,,,HLA-DRB3*02:79,,
SOTE1073,Allele_1,HLA-DQA1*01:02,HLA-DQB1*06:02,HLA-DRB1*13:01,HLA-DRB3*01:01,,HLA-DRB5*01:01
SOTE1073,Allele_1,,,,,,HLA-DRB5*01:18
SOTE1073,Allele_2,HLA-DQA1*01:03,HLA-DQB1*06:03,HLA-DRB1*15:01,HLA-DRB3*01:01,,HLA-DRB5*01:01
SOTE1073,Allele_2,,,,,,HLA-DRB5*01:18
SOTE1097,Allele_1,HLA-DQA1*05:01,HLA-DQB1*02:01,HLA-DRB1*03:01,HLA-DRB3*01:01,,
SOTE1097,Allele_1,,,HLA-DRB1*03:147,,,
SOTE1097,Allele_2,HLA-DQA1*05:05,HLA-DQB1*03:01,HLA-DRB1*11:01,HLA-DRB3*02:22,,
SOTE1097,Allele_2,,HLA-DQB1*03:358N,,,,
SOTE1098,Allele_1,HLA-DQA1*01:03,HLA-DQB1*05:03,HLA-DRB1*14:04,HLA-DRB3*02:02,,HLA-DRB5*01:02
SOTE1098,Allele_2,HLA-DQA1*01:04,HLA-DQB1*06:01,HLA-DRB1*15:02,HLA-DRB3*02:02,,HLA-DRB5*01:02
SOTE1098,Allele_2,,,HLA-DRB1*15:140,,,
SOTE1098,Allele_2,,,HLA-DRB1*15:149,,,
SOTE1099,Allele_1,HLA-DQA1*01:02,HLA-DQB1*05:01,HLA-DRB1*10:01,HLA-DRB3*03:01,,
SOTE1099,Allele_2,HLA-DQA1*01:05,HLA-DQB1*06:04,HLA-DRB1*13:02,HLA-DRB3*03:01,,
SOTE1104,Allele_1,HLA-DQA1*03:01,HLA-DQB1*02:01,HLA-DRB1*03:01,HLA-DRB3*01:01,HLA-DRB4*01:03,
SOTE1104,Allele_1,,,HLA-DRB1*03:147,,,
SOTE1104,Allele_2,HLA-DQA1*05:01,HLA-DQB1*03:02,HLA-DRB1*04:02,HLA-DRB3*01:01,HLA-DRB4*01:03,
SOTE1105,Allele_1,HLA-DQA1*02:01,HLA-DQB1*02:02,HLA-DRB1*07:01,,,
SOTE1105,Allele_2,HLA-DQA1*04:01,HLA-DQB1*04:02,HLA-DRB1*08:01,,,
SOTE1107,Allele_1,HLA-DQA1*05:01,HLA-DQB1*02:01,HLA-DRB1*03:01,HLA-DRB3*01:01,,
SOTE1107,Allele_1,,,HLA-DRB1*03:147,,,
SOTE1107,Allele_2,HLA-DQA1*05:05,HLA-DQB1*03:01,HLA-DRB1*11:01,HLA-DRB3*02:22,,
SOTE1107,Allele_2,,HLA-DQB1*03:358N,,,,
SOTE111,Allele_1,HLA-DQA1*01:02,HLA-DQB1*03:01,HLA-DRB1*11:03,HLA-DRB3*02:02,,HLA-DRB5*01:01
SOTE111,Allele_1,,HLA-DQB1*03:358N,,HLA-DRB3*02:110,,
SOTE111,Allele_1,,,,HLA-DRB3*02:46,,
SOTE111,Allele_2,HLA-DQA1*05:05,HLA-DQB1*06:02,HLA-DRB1*15:01,HLA-DRB3*02:02,,HLA-DRB5*01:01
SOTE111,Allele_2,,,HLA-DRB1*15:02,HLA-DRB3*02:110,,
SOTE111,Allele_2,,,HLA-DRB1*15:123,HLA-DRB3*02:46,,
SOTE111,Allele_2,,,HLA-DRB1*15:124,,,
SOTE111,Allele_2,,,HLA-DRB1*15:126,,,
SOTE111,Allele_2,,,HLA-DRB1*15:132,,,
SOTE111,Allele_2,,,HLA-DRB1*15:140,,,
SOTE111,Allele_2,,,HLA-DRB1*15:149,,,
SOTE111,Allele_2,,,HLA-DRB1*15:159N,,,
SOTE111,Allele_2,,,HLA-DRB1*15:169,,,
SOTE111,Allele_2,,,HLA-DRB1*15:74,,,
SOTE111,Allele_2,,,HLA-DRB1*15:85,,,
SOTE111,Allele_2,,,HLA-DRB1*15:86,,,
SOTE1113,Allele_1,HLA-DQA1*02:01,HLA-DQB1*02:02,HLA-DRB1*07:01,,HLA-DRB4*01:03,
SOTE1113,Allele_2,HLA-DQA1*03:02,HLA-DQB1*03:03,HLA-DRB1*09:01,,HLA-DRB4*01:03,
SOTE1114,Allele_1,HLA-DQA1*01:01,HLA-DQB1*03:01,HLA-DRB1*01:01,HLA-DRB3*02:02,,
SOTE1114,Allele_1,,HLA-DQB1*03:358N,HLA-DRB1*01:100,,,
SOTE1114,Allele_2,HLA-DQA1*05:05,HLA-DQB1*05:01,HLA-DRB1*11:04,HLA-DRB3*02:02,,
SOTE1119,Allele_1,HLA-DQA1*01:05,HLA-DQB1*04:02,HLA-DRB1*08:01,,,
SOTE1119,Allele_2,HLA-DQA1*04:01,HLA-DQB1*05:01,HLA-DRB1*10:01,,,
SOTE112,Allele_1,HLA-DQA1*01:02,HLA-DQB1*03:01,HLA-DRB1*11:01,HLA-DRB3*02:24,,
SOTE112,Allele_1,,HLA-DQB1*03:358N,,,,
SOTE112,Allele_2,HLA-DQA1*05:05,HLA-DQB1*06:04,HLA-DRB1*13:02,HLA-DRB3*03:01,,
SOTE1120,Allele_1,HLA-DQA1*05:01,HLA-DQB1*02:01,HLA-DRB1*03:01,HLA-DRB3*02:02,HLA-DRB4*01:01,HLA-DRB5*02:02
SOTE1120,Allele_1,,,HLA-DRB1*03:147,HLA-DRB3*02:110,,
SOTE1120,Allele_1,,,,HLA-DRB3*02:34,,
SOTE1120,Allele_1,,,,HLA-DRB3*02:46,,
SOTE1120,Allele_1,,,,HLA-DRB3*02:74,,
SOTE1120,Allele_2,HLA-DQA1*05:05,HLA-DQB1*03:01,HLA-DRB1*11:01,HLA-DRB3*02:02,HLA-DRB4*01:03,HLA-DRB5*02:02
SOTE1120,Allele_2,,HLA-DQB1*03:358N,HLA-DRB1*11:100,HLA-DRB3*02:110,,
SOTE1120,Allele_2,,,HLA-DRB1*11:254,HLA-DRB3*02:34,,
SOTE1120,Allele_2,,,,HLA-DRB3*02:46,,
SOTE1120,Allele_2,,,,HLA-DRB3*02:74,,
SOTE1126,Allele_1,HLA-DQA1*01:02,HLA-DQB1*03:01,HLA-DRB1*13:03,HLA-DRB3*01:01,,HLA-DRB5*01:01
SOTE1126,Allele_1,,HLA-DQB1*03:358N,,,,HLA-DRB5*01:18
SOTE1126,Allele_2,HLA-DQA1*05:05,HLA-DQB1*06:02,HLA-DRB1*15:01,HLA-DRB3*01:01,,HLA-DRB5*01:01
SOTE1126,Allele_2,,,,,,HLA-DRB5*01:18
SOTE1129,Allele_1,HLA-DQA1*02:01,HLA-DQB1*02:02,HLA-DRB1*04:01,,HLA-DRB4*01:03,
SOTE1129,Allele_2,HLA-DQA1*03:03,HLA-DQB1*03:02,HLA-DRB1*07:01,,HLA-DRB4*01:03,
SOTE1146,Allele_1,HLA-DQA1*02:01,HLA-DQB1*03:03,HLA-DRB1*07:01,,HLA-DRB4*01:03,
SOTE1146,Allele_2,HLA-DQA1*04:01,HLA-DQB1*04:02,HLA-DRB1*08:01,,HLA-DRB4*01:03,
SOTE1148,Allele_1,HLA-DQA1*01:02,HLA-DQB1*03:01,HLA-DRB1*11:04,HLA-DRB3*02:02,,HLA-DRB5*02:02
SOTE1148,Allele_1,,HLA-DQB1*03:358N,,HLA-DRB3*02:101,,
SOTE1148,Allele_1,,,,HLA-DRB3*02:110,,
SOTE1148,Allele_1,,,,HLA-DRB3*02:14,,
SOTE1148,Allele_1,,,,HLA-DRB3*02:31,,
SOTE1148,Allele_1,,,,HLA-DRB3*02:34,,
SOTE1148,Allele_1,,,,HLA-DRB3*02:41,,
SOTE1148,Allele_1,,,,HLA-DRB3*02:46,,
SOTE1148,Allele_1,,,,HLA-DRB3*02:55N,,
SOTE1148,Allele_1,,,,HLA-DRB3*02:64,,
SOTE1148,Allele_1,,,,HLA-DRB3*02:74,,
SOTE1148,Allele_1,,,,HLA-DRB3*02:79,,
SOTE1148,Allele_1,,,,HLA-DRB3*02:90,,
SOTE1148,Allele_1,,,,HLA-DRB3*02:99,,
SOTE1148,Allele_2,HLA-DQA1*05:05,HLA-DQB1*05:02,HLA-DRB1*16:01,HLA-DRB3*02:02,,HLA-DRB5*02:02
SOTE1148,Allele_2,,,HLA-DRB1*16:15,HLA-DRB3*02:101,,
SOTE1148,Allele_2,,,HLA-DRB1*16:24,HLA-DRB3*02:110,,
SOTE1148,Allele_2,,,HLA-DRB1*16:32,HLA-DRB3*02:14,,
SOTE1148,Allele_2,,,HLA-DRB1*16:34,HLA-DRB3*02:31,,
SOTE1148,Allele_2,,,HLA-DRB1*16:42,HLA-DRB3*02:34,,
SOTE1148,Allele_2,,,HLA-DRB1*16:45,HLA-DRB3*02:41,,
SOTE1148,Allele_2,,,HLA-DRB1*16:49,HLA-DRB3*02:46,,
SOTE1148,Allele_2,,,HLA-DRB1*16:59Q,HLA-DRB3*02:55N,,
SOTE1148,Allele_2,,,,HLA-DRB3*02:64,,
SOTE1148,Allele_2,,,,HLA-DRB3*02:74,,
SOTE1148,Allele_2,,,,HLA-DRB3*02:79,,
SOTE1148,Allele_2,,,,HLA-DRB3*02:90,,
SOTE1148,Allele_2,,,,HLA-DRB3*02:99,,
SOTE116,Allele_1,HLA-DQA1*01:02,HLA-DQB1*02:01,HLA-DRB1*03:01,HLA-DRB3*01:01,,HLA-DRB5*02:02
SOTE116,Allele_1,,,HLA-DRB1*03:147,,,
SOTE116,Allele_2,HLA-DQA1*05:01,HLA-DQB1*05:02,HLA-DRB1*16:15,HLA-DRB3*01:01,,HLA-DRB5*02:02
SOTE117,Allele_1,HLA-DQA1*02:01,HLA-DQB1*02:02,HLA-DRB1*07:01,HLA-DRB3*02:02,HLA-DRB4*01:03,
SOTE117,Allele_2,HLA-DQA1*05:05,HLA-DQB1*03:01,HLA-DRB1*12:01,HLA-DRB3*02:02,HLA-DRB4*01:03,
SOTE117,Allele_2,,HLA-DQB1*03:358N,HLA-DRB1*12:10,,,
SOTE118,Allele_1,HLA-DQA1*01:04,HLA-DQB1*03:03,HLA-DRB1*07:01,HLA-DRB3*02:02,HLA-DRB4*01:03,
SOTE118,Allele_2,HLA-DQA1*02:01,HLA-DQB1*05:03,HLA-DRB1*14:216,HLA-DRB3*02:02,HLA-DRB4*01:03,
SOTE118,Allele_2,,,HLA-DRB1*14:54,,,
SOTE120,Allele_1,HLA-DQA1*01:02,HLA-DQB1*03:01,HLA-DRB1*11:01,HLA-DRB3*02:02,,HLA-DRB5*01:01
SOTE120,Allele_1,,HLA-DQB1*03:358N,,HLA-DRB3*02:110,,
SOTE120,Allele_1,,,,HLA-DRB3*02:46,,
SOTE120,Allele_2,HLA-DQA1*05:05,HLA-DQB1*06:02,HLA-DRB1*15:01,HLA-DRB3*02:02,,HLA-DRB5*01:01
SOTE120,Allele_2,,,,HLA-DRB3*02:110,,
SOTE120,Allele_2,,,,HLA-DRB3*02:46,,
SOTE121,Allele_1,HLA-DQA1*05:01,HLA-DQB1*02:01,HLA-DRB1*03:01,HLA-DRB3*02:02,,
SOTE121,Allele_1,,,HLA-DRB1*03:147,,,
SOTE121,Allele_2,HLA-DQA1*05:05,HLA-DQB1*03:01,HLA-DRB1*12:01,HLA-DRB3*02:02,,
SOTE121,Allele_2,,HLA-DQB1*03:358N,HLA-DRB1*12:10,,,
SOTE121,Allele_2,,,HLA-DRB1*12:70,,,
SOTE122,Allele_1,HLA-DQA1*05:01,HLA-DQB1*02:01,HLA-DRB1*03:01,HLA-DRB3*02:02,,
SOTE122,Allele_1,,,HLA-DRB1*03:147,,,
SOTE122,Allele_2,HLA-DQA1*05:05,HLA-DQB1*03:01,HLA-DRB1*11:04,HLA-DRB3*02:10,,
SOTE122,Allele_2,,HLA-DQB1*03:358N,,,,
SOTE124,Allele_1,HLA-DQA1*04:01,HLA-DQB1*02:01,HLA-DRB1*03:01,HLA-DRB3*01:01,,
SOTE124,Allele_1,,,HLA-DRB1*03:147,,,
SOTE124,Allele_2,HLA-DQA1*05:01,HLA-DQB1*04:02,HLA-DRB1*08:01,HLA-DRB3*01:01,,
SOTE129,Allele_1,HLA-DQA1*01:02,HLA-DQB1*02:01,HLA-DRB1*03:01,HLA-DRB3*01:01,,HLA-DRB5*01:01
SOTE129,Allele_1,,,HLA-DRB1*03:147,,,
SOTE129,Allele_2,HLA-DQA1*05:01,HLA-DQB1*06:02,HLA-DRB1*15:01,HLA-DRB3*01:01,,HLA-DRB5*01:01
SOTE130,Allele_1,HLA-DQA1*01:05,HLA-DQB1*03:01,HLA-DRB1*10:01,HLA-DRB3*02:02,HLA-DRB4*01:03,HLA-DRB5*01:01
SOTE130,Allele_1,,HLA-DQB1*03:358N,,,,HLA-DRB5*01:18
SOTE130,Allele_1,,,,,,HLA-DRB5*01:31
SOTE130,Allele_1,,,,,,HLA-DRB5*01:44
SOTE130,Allele_1,,,,,,HLA-DRB5*01:50
SOTE130,Allele_2,HLA-DQA1*05:05,HLA-DQB1*05:01,HLA-DRB1*12:01,HLA-DRB3*02:02,HLA-DRB4*01:03,HLA-DRB5*01:01
SOTE130,Allele_2,,,HLA-DRB1*12:10,,,HLA-DRB5*01:18
SOTE130,Allele_2,,,,,,HLA-DRB5*01:31
SOTE130,Allele_2,,,,,,HLA-DRB5*01:44
SOTE130,Allele_2,,,,,,HLA-DRB5*01:50
SOTE132,Allele_1,HLA-DQA1*01:01,HLA-DQB1*02:02,HLA-DRB1*01:01,,HLA-DRB4*01:03,
SOTE132,Allele_1,,,HLA-DRB1*01:100,,,
SOTE132,Allele_2,HLA-DQA1*02:01,HLA-DQB1*05:01,HLA-DRB1*07:01,,HLA-DRB4*01:03,
SOTE133,Allele_1,HLA-DQA1*02:01,HLA-DQB1*03:01,HLA-DRB1*07:01,HLA-DRB3*02:02,HLA-DRB4*01:03,
SOTE133,Allele_1,,HLA-DQB1*03:03,,,,
SOTE133,Allele_2,HLA-DQA1*05:05,HLA-DQB1*03:03,HLA-DRB1*11:01,HLA-DRB3*02:02,HLA-DRB4*01:03,
SOTE133,Allele_2,,HLA-DQB1*03:358N,,,,
SOTE136,Allele_1,HLA-DQA1*01:02,HLA-DQB1*03:02,HLA-DRB1*04:04,,HLA-DRB4*01:03,HLA-DRB5*01:01
SOTE136,Allele_2,HLA-DQA1*03:01,HLA-DQB1*06:02,HLA-DRB1*15:01,,HLA-DRB4*01:03,HLA-DRB5*01:01
SOTE14,Allele_1,HLA-DQA1*03:01,HLA-DQB1*03:01,HLA-DRB1*04:01,HLA-DRB3*01:01,HLA-DRB4*01:03,
SOTE14,Allele_1,,HLA-DQB1*03:02,,,,
SOTE14,Allele_2,HLA-DQA1*05:05,HLA-DQB1*03:02,HLA-DRB1*13:03,HLA-DRB3*01:01,HLA-DRB4*01:03,
SOTE14,Allele_2,,HLA-DQB1*03:358N,,,,
SOTE144,Allele_1,HLA-DQA1*01:03,HLA-DQB1*02:01,HLA-DRB1*03:01,HLA-DRB3*01:01,,
SOTE144,Allele_1,,,HLA-DRB1*03:147,,,
SOTE144,Allele_2,HLA-DQA1*05:01,HLA-DQB1*06:03,HLA-DRB1*13:01,HLA-DRB3*02:02,,
SOTE15,Allele_1,HLA-DQA1*01:02,HLA-DQB1*03:01,HLA-DRB1*11:01,HLA-DRB3*02:02,,HLA-DRB5*02:02
SOTE15,Allele_1,,HLA-DQB1*03:358N,,,,
SOTE15,Allele_2,HLA-DQA1*05:05,HLA-DQB1*05:02,HLA-DRB1*16:01,HLA-DRB3*02:02,,HLA-DRB5*02:02
SOTE156,Allele_1,HLA-DQA1*03:01,HLA-DQB1*02:01,HLA-DRB1*03:01,HLA-DRB3*01:01,HLA-DRB4*01:03,
SOTE156,Allele_1,,,HLA-DRB1*03:147,,,
SOTE156,Allele_2,HLA-DQA1*05:01,HLA-DQB1*03:02,HLA-DRB1*04:04,HLA-DRB3*01:01,HLA-DRB4*01:03,
SOTE156,Allele_2,,,HLA-DRB1*04:08,,,
SOTE156,Allele_2,,,HLA-DRB1*04:23,,,
SOTE16,Allele_1,HLA-DQA1*01:04,HLA-DQB1*03:01,HLA-DRB1*11:04,HLA-DRB3*02:02,,
SOTE16,Allele_1,,HLA-DQB1*03:358N,,,,
SOTE16,Allele_2,HLA-DQA1*05:05,HLA-DQB1*05:03,HLA-DRB1*14:54,HLA-DRB3*02:02,,
SOTE162,Allele_1,HLA-DQA1*01:02,HLA-DQB1*05:02,HLA-DRB1*13:01,HLA-DRB3*01:01,HLA-DRB4*01:03,HLA-DRB5*02:02
SOTE162,Allele_2,HLA-DQA1*01:03,HLA-DQB1*06:03,HLA-DRB1*16:01,HLA-DRB3*01:01,HLA-DRB4*01:03,HLA-DRB5*02:02
SOTE164,Allele_1,HLA-DQA1*01:02,HLA-DQB1*03:01,HLA-DRB1*13:03,HLA-DRB3*01:01,,HLA-DRB5*02:02
SOTE164,Allele_1,,HLA-DQB1*03:358N,,,,
SOTE164,Allele_2,HLA-DQA1*05:05,HLA-DQB1*05:02,HLA-DRB1*16:01,HLA-DRB3*01:01,,HLA-DRB5*02:02
SOTE164,Allele_2,,,HLA-DRB1*16:15,,,
SOTE164,Allele_2,,,HLA-DRB1*16:24,,,
SOTE164,Allele_2,,,HLA-DRB1*16:32,,,
SOTE164,Allele_2,,,HLA-DRB1*16:34,,,
SOTE164,Allele_2,,,HLA-DRB1*16:49,,,
SOTE166,Allele_1,HLA-DQA1*01:03,HLA-DQB1*03:01,HLA-DRB1*11:04,HLA-DRB3*02:02,,HLA-DRB5*01:02
SOTE166,Allele_1,,HLA-DQB1*03:358N,,HLA-DRB3*02:110,,HLA-DRB5*01:27N
SOTE166,Allele_1,,,,HLA-DRB3*02:34,,HLA-DRB5*01:56
SOTE166,Allele_1,,,,HLA-DRB3*02:46,,HLA-DRB5*01:72
SOTE166,Allele_1,,,,HLA-DRB3*02:64,,
SOTE166,Allele_1,,,,HLA-DRB3*02:74,,
SOTE166,Allele_1,,,,HLA-DRB3*02:79,,
SOTE166,Allele_2,HLA-DQA1*05:05,HLA-DQB1*06:01,HLA-DRB1*15:01,HLA-DRB3*02:02,,HLA-DRB5*01:02
SOTE166,Allele_2,,,HLA-DRB1*15:02,HLA-DRB3*02:110,,HLA-DRB5*01:27N
SOTE166,Allele_2,,,HLA-DRB1*15:123,HLA-DRB3*02:34,,HLA-DRB5*01:56
SOTE166,Allele_2,,,HLA-DRB1*15:124,HLA-DRB3*02:46,,HLA-DRB5*01:72
SOTE166,Allele_2,,,HLA-DRB1*15:126,HLA-DRB3*02:64,,
SOTE166,Allele_2,,,HLA-DRB1*15:132,HLA-DRB3*02:74,,
SOTE166,Allele_2,,,HLA-DRB1*15:140,HLA-DRB3*02:79,,
SOTE166,Allele_2,,,HLA-DRB1*15:149,,,
SOTE166,Allele_2,,,HLA-DRB1*15:159N,,,
SOTE166,Allele_2,,,HLA-DRB1*15:74,,,
SOTE166,Allele_2,,,HLA-DRB1*15:85,,,
SOTE166,Allele_2,,,HLA-DRB1*15:86,,,
SOTE179,Allele_1,HLA-DQA1*01:01,HLA-DQB1*05:01,HLA-DRB1*01:02,,,HLA-DRB5*02:02
SOTE179,Allele_2,HLA-DQA1*01:02,HLA-DQB1*05:02,HLA-DRB1*16:34,,,HLA-DRB5*02:02
SOTE18,Allele_1,HLA-DQA1*01:01,HLA-DQB1*03:03,HLA-DRB1*01:02,,HLA-DRB4*01:03,
SOTE18,Allele_2,HLA-DQA1*02:01,HLA-DQB1*05:01,HLA-DRB1*07:01,,HLA-DRB4*01:03,
SOTE185,Allele_1,HLA-DQA1*01:01,HLA-DQB1*05:01,HLA-DRB1*01:01,HLA-DRB3*02:02,HLA-DRB4*01:03,HLA-DRB5*02:02
SOTE185,Allele_1,,,HLA-DRB1*01:100,,HLA-DRB4*01:03#1,
SOTE185,Allele_2,HLA-DQA1*01:04,HLA-DQB1*05:03,HLA-DRB1*14:54,HLA-DRB3*02:02,HLA-DRB4*01:03,HLA-DRB5*02:02
SOTE185,Allele_2,,,,,HLA-DRB4*01:03#1,
SOTE189,Allele_1,HLA-DQA1*01:02,HLA-DQB1*03:01,HLA-DRB1*04:07,,HLA-DRB4*01:03,HLA-DRB5*02:02
SOTE189,Allele_1,,HLA-DQB1*03:358N,,,,
SOTE189,Allele_2,HLA-DQA1*03:03,HLA-DQB1*05:02,HLA-DRB1*16:01,,HLA-DRB4*01:03,HLA-DRB5*02:02
SOTE19,Allele_1,HLA-DQA1*01:04,HLA-DQB1*03:02,HLA-DRB1*04:02,HLA-DRB3*02:02,HLA-DRB4*01:03,
SOTE19,Allele_2,HLA-DQA1*03:01,HLA-DQB1*05:03,HLA-DRB1*14:54,HLA-DRB3*02:02,HLA-DRB4*01:03,
SOTE190,Allele_1,HLA-DQA1*01:02,HLA-DQB1*05:02,HLA-DRB1*13:01,HLA-DRB3*01:01,HLA-DRB4*01:03,HLA-DRB5*02:02
SOTE190,Allele_2,HLA-DQA1*01:03,HLA-DQB1*06:03,HLA-DRB1*16:01,HLA-DRB3*01:01,HLA-DRB4*01:03,HLA-DRB5*02:02
SOTE192,Allele_1,HLA-DQA1*01:04,HLA-DQB1*03:03,HLA-DRB1*07:01,HLA-DRB3*02:02,HLA-DRB4*01:03,HLA-DRB5*01:01
SOTE192,Allele_2,HLA-DQA1*02:01,HLA-DQB1*05:03,HLA-DRB1*14:04,HLA-DRB3*02:02,HLA-DRB4*01:03,HLA-DRB5*02:02
SOTE196,Allele_1,HLA-DQA1*01:03,HLA-DQB1*03:01,HLA-DRB1*11:04,HLA-DRB3*01:01#1,HLA-DRB4*01:01,HLA-DRB5*02:02
SOTE196,Allele_1,,HLA-DQB1*03:358N,,,,
SOTE196,Allele_2,HLA-DQA1*05:05,HLA-DQB1*06:03,HLA-DRB1*13:01#1,HLA-DRB3*02:96,HLA-DRB4*01:03,HLA-DRB5*02:02
SOTE198,Allele_1,HLA-DQA1*01:01,HLA-DQB1*05:01,HLA-DRB1*01:01,,,HLA-DRB5*01:01
SOTE198,Allele_1,,,HLA-DRB1*01:100,,,
SOTE198,Allele_2,HLA-DQA1*01:02,HLA-DQB1*06:39,HLA-DRB1*15:01,,,HLA-DRB5*01:01
SOTE199,Allele_1,HLA-DQA1*01:02,HLA-DQB1*03:01,HLA-DRB1*11:01,HLA-DRB3*02:02,,HLA-DRB5*01:01
SOTE199,Allele_1,,HLA-DQB1*03:358N,,,,
SOTE199,Allele_2,HLA-DQA1*05:03,HLA-DQB1*06:02,HLA-DRB1*15:01,HLA-DRB3*02:02,,HLA-DRB5*01:01
SOTE2,Allele_1,HLA-DQA1*01:04,HLA-DQB1*03:01,HLA-DRB1*04:01,HLA-DRB3*02:02,HLA-DRB4*01:03,HLA-DRB5*02:02
SOTE2,Allele_1,,HLA-DQB1*03:358N,HLA-DRB1*04:119N,,,
SOTE2,Allele_1,,,HLA-DRB1*04:13,,,
SOTE2,Allele_1,,,HLA-DRB1*04:130,,,
SOTE2,Allele_1,,,HLA-DRB1*04:139,,,
SOTE2,Allele_1,,,HLA-DRB1*04:151,,,
SOTE2,Allele_1,,,HLA-DRB1*04:155,,,
SOTE2,Allele_1,,,HLA-DRB1*04:215,,,
SOTE2,Allele_1,,,HLA-DRB1*04:72,,,
SOTE2,Allele_2,HLA-DQA1*03:03,HLA-DQB1*05:03,HLA-DRB1*14:54,HLA-DRB3*02:02,HLA-DRB4*01:03,HLA-DRB5*02:02
SOTE206,Allele_1,HLA-DQA1*02:01,HLA-DQB1*02:01,HLA-DRB1*03:01,HLA-DRB3*01:01,HLA-DRB4*01:03,
SOTE206,Allele_1,,,HLA-DRB1*03:147,,,
SOTE206,Allele_2,HLA-DQA1*05:01,HLA-DQB1*02:02,HLA-DRB1*07:01,HLA-DRB3*01:01,HLA-DRB4*01:03,
SOTE21,Allele_1,HLA-DQA1*01:01,HLA-DQB1*02:02,HLA-DRB1*01:01,,HLA-DRB4*01:01,
SOTE21,Allele_1,,,HLA-DRB1*01:100,,,
SOTE21,Allele_2,HLA-DQA1*02:01,HLA-DQB1*05:01,HLA-DRB1*07:01,,HLA-DRB4*01:01,
SOTE211,Allele_1,HLA-DQA1*01:03,HLA-DQB1*03:03,HLA-DRB1*07:01,HLA-DRB3*02:02,HLA-DRB4*01:03,
SOTE211,Allele_2,HLA-DQA1*02:01,HLA-DQB1*06:03,HLA-DRB1*13:01,HLA-DRB3*02:02,HLA-DRB4*01:03,
SOTE217,Allele_1,HLA-DQA1*01:01,HLA-DQB1*05:01,HLA-DRB1*01:02,,HLA-DRB4*01:01,HLA-DRB5*02:02
SOTE217,Allele_2,HLA-DQA1*01:02,HLA-DQB1*05:02,HLA-DRB1*16:01,,HLA-DRB4*01:03,HLA-DRB5*02:02
SOTE219,Allele_1,HLA-DQA1*01:01,HLA-DQB1*02:01,HLA-DRB1*01:01,HLA-DRB3*01:01,HLA-DRB4*01:03,HLA-DRB5*01:01
SOTE219,Allele_1,,,HLA-DRB1*01:100,,,
SOTE219,Allele_2,HLA-DQA1*05:01,HLA-DQB1*05:01,HLA-DRB1*03:01,HLA-DRB3*01:01,HLA-DRB4*01:03,HLA-DRB5*01:01
SOTE219,Allele_2,,,HLA-DRB1*03:147,,,
SOTE22,Allele_1,HLA-DQA1*01:02,HLA-DQB1*03:03,HLA-DRB1*09:01,,HLA-DRB4*01:03,HLA-DRB5*01:01
SOTE22,Allele_1,,,HLA-DRB1*09:31,,,
SOTE22,Allele_2,HLA-DQA1*03:02,HLA-DQB1*06:02,HLA-DRB1*15:01,,HLA-DRB4*01:03,HLA-DRB5*01:01
SOTE220,Allele_1,HLA-DQA1*01:02,HLA-DQB1*06:02,HLA-DRB1*11:03,HLA-DRB3*02:02,,HLA-DRB5*01:01
SOTE220,Allele_2,HLA-DQA1*05:05,HLA-DQB1*06:02,HLA-DRB1*15:01,HLA-DRB3*02:02,,HLA-DRB5*01:01
SOTE222,Allele_1,HLA-DQA1*01:03,HLA-DQB1*03:12,HLA-DRB1*12:01,HLA-DRB3*02:02,,
SOTE222,Allele_1,,,HLA-DRB1*12:10,,,
SOTE222,Allele_2,HLA-DQA1*05:05,HLA-DQB1*06:03,HLA-DRB1*13:01,HLA-DRB3*02:02,,
SOTE228,Allele_1,HLA-DQA1*01:02,HLA-DQB1*03:02,HLA-DRB1*04:02,HLA-DRB3*03:01,HLA-DRB4*01:03,HLA-DRB5*01:20
SOTE228,Allele_1,,,,,,HLA-DRB5*02:02
SOTE228,Allele_1,,,,,,HLA-DRB5*02:03
SOTE228,Allele_1,,,,,,HLA-DRB5*02:04
SOTE228,Allele_1,,,,,,HLA-DRB5*02:05
SOTE228,Allele_1,,,,,,HLA-DRB5*02:08
SOTE228,Allele_1,,,,,,HLA-DRB5*02:11
SOTE228,Allele_1,,,,,,HLA-DRB5*02:12
SOTE228,Allele_1,,,,,,HLA-DRB5*02:13
SOTE228,Allele_1,,,,,,HLA-DRB5*02:14
SOTE228,Allele_1,,,,,,HLA-DRB5*02:16
SOTE228,Allele_1,,,,,,HLA-DRB5*02:18
SOTE228,Allele_1,,,,,,HLA-DRB5*02:19N
SOTE228,Allele_2,HLA-DQA1*03:01,HLA-DQB1*06:09,HLA-DRB1*13:02,HLA-DRB3*03:01,HLA-DRB4*01:03,HLA-DRB5*02:02
SOTE228,Allele_2,,,,,,HLA-DRB5*02:03
SOTE228,Allele_2,,,,,,HLA-DRB5*02:04
SOTE228,Allele_2,,,,,,HLA-DRB5*02:05
SOTE228,Allele_2,,,,,,HLA-DRB5*02:08
SOTE228,Allele_2,,,,,,HLA-DRB5*02:11
SOTE228,Allele_2,,,,,,HLA-DRB5*02:12
SOTE228,Allele_2,,,,,,HLA-DRB5*02:13
SOTE228,Allele_2,,,,,,HLA-DRB5*02:14
SOTE228,Allele_2,,,,,,HLA-DRB5*02:16
SOTE228,Allele_2,,,,,,HLA-DRB5*02:18
SOTE228,Allele_2,,,,,,HLA-DRB5*02:19N
SOTE228,Allele_2,,,,,,HLA-DRB5*02:20
SOTE228,Allele_2,,,,,,HLA-DRB5*02:24
SOTE229,Allele_1,HLA-DQA1*02:01,HLA-DQB1*02:02,HLA-DRB1*04:01,,HLA-DRB4*01:01,
SOTE229,Allele_2,HLA-DQA1*03:03,HLA-DQB1*03:01,HLA-DRB1*07:01,,HLA-DRB4*01:03,
SOTE229,Allele_2,,HLA-DQB1*03:358N,,,,
SOTE23,Allele_1,HLA-DQA1*02:01,HLA-DQB1*02:02,HLA-DRB1*04:08,,HLA-DRB4*01:01,
SOTE23,Allele_2,HLA-DQA1*03:03,HLA-DQB1*03:04,HLA-DRB1*07:01,,HLA-DRB4*01:03,
SOTE231,Allele_1,HLA-DQA1*05:01,HLA-DQB1*02:01,HLA-DRB1*03:01,HLA-DRB3*01:01,,
SOTE231,Allele_1,,,HLA-DRB1*03:147,,,
SOTE231,Allele_2,HLA-DQA1*05:05,HLA-DQB1*03:01,HLA-DRB1*12:01,HLA-DRB3*02:02,,
SOTE231,Allele_2,,HLA-DQB1*03:358N,HLA-DRB1*12:10,,,
SOTE244,Allele_1,HLA-DQA1*01:02,HLA-DQB1*02:01,HLA-DRB1*03:01,HLA-DRB3*01:01,,HLA-DRB5*01:01
SOTE244,Allele_1,,,HLA-DRB1*03:147,,,
SOTE244,Allele_2,HLA-DQA1*05:01,HLA-DQB1*06:02,HLA-DRB1*15:01,HLA-DRB3*01:01,,HLA-DRB5*01:01
SOTE248,Allele_1,HLA-DQA1*01:01,HLA-DQB1*03:01,HLA-DRB1*01:01,HLA-DRB3*01:01,,
SOTE248,Allele_1,,HLA-DQB1*03:358N,HLA-DRB1*01:100,,,
SOTE248,Allele_2,HLA-DQA1*05:05,HLA-DQB1*05:01,HLA-DRB1*12:01,HLA-DRB3*01:01,,
SOTE248,Allele_2,,,HLA-DRB1*12:10,,,
SOTE249,Allele_1,HLA-DQA1*01:05,HLA-DQB1*04:02,HLA-DRB1*08:01,,,
SOTE249,Allele_2,HLA-DQA1*04:01,HLA-DQB1*05:01,HLA-DRB1*10:01,,,
SOTE25,Allele_1,HLA-DQA1*01:04,HLA-DQB1*02:01,HLA-DRB1*03:01,HLA-DRB3*01:01,,
SOTE25,Allele_1,,,HLA-DRB1*03:147,,,
SOTE25,Allele_2,HLA-DQA1*05:01,HLA-DQB1*05:03,HLA-DRB1*14:54,HLA-DRB3*02:02,,
SOTE250,Allele_1,HLA-DQA1*01:02,HLA-DQB1*02:02,HLA-DRB1*07:01,,HLA-DRB4*01:01,HLA-DRB5*02:02
SOTE250,Allele_2,HLA-DQA1*02:01,HLA-DQB1*05:02,HLA-DRB1*16:02,,HLA-DRB4*01:01,HLA-DRB5*02:02
SOTE251,Allele_1,HLA-DQA1*01:03,HLA-DQB1*03:01,HLA-DRB1*11:04,HLA-DRB3*01:01,HLA-DRB4*01:03,
SOTE251,Allele_1,,HLA-DQB1*03:358N,,,,
SOTE251,Allele_2,HLA-DQA1*05:05,HLA-DQB1*06:03,HLA-DRB1*13:01,HLA-DRB3*02:02,HLA-DRB4*01:03,
SOTE253,Allele_1,HLA-DQA1*01:02,HLA-DQB1*04:02,HLA-DRB1*08:01,,,HLA-DRB5*01:01
SOTE253,Allele_1,,,HLA-DRB1*08:39,,,HLA-DRB5*01:18
SOTE253,Allele_1,,,HLA-DRB1*08:55,,,HLA-DRB5*01:31
SOTE253,Allele_1,,,,,,HLA-DRB5*01:44
SOTE253,Allele_1,,,,,,HLA-DRB5*01:50
SOTE253,Allele_2,HLA-DQA1*04:01,HLA-DQB1*06:02,HLA-DRB1*15:01,,,HLA-DRB5*01:01
SOTE253,Allele_2,,,HLA-DRB1*15:02,,,HLA-DRB5*01:18
SOTE253,Allele_2,,,HLA-DRB1*15:104,,,HLA-DRB5*01:31
SOTE253,Allele_2,,,HLA-DRB1*15:123,,,HLA-DRB5*01:44
SOTE253,Allele_2,,,HLA-DRB1*15:124,,,HLA-DRB5*01:50
SOTE253,Allele_2,,,HLA-DRB1*15:126,,,
SOTE253,Allele_2,,,HLA-DRB1*15:132,,,
SOTE253,Allele_2,,,HLA-DRB1*15:133,,,
SOTE253,Allele_2,,,HLA-DRB1*15:140,,,
SOTE253,Allele_2,,,HLA-DRB1*15:149,,,
SOTE253,Allele_2,,,HLA-DRB1*15:152,,,
SOTE253,Allele_2,,,HLA-DRB1*15:153,,,
SOTE253,Allele_2,,,HLA-DRB1*15:159N,,,
SOTE253,Allele_2,,,HLA-DRB1*15:169,,,
SOTE253,Allele_2,,,HLA-DRB1*15:170,,,
SOTE253,Allele_2,,,HLA-DRB1*15:20,,,
SOTE253,Allele_2,,,HLA-DRB1*15:35,,,
SOTE253,Allele_2,,,HLA-DRB1*15:36,,,
SOTE253,Allele_2,,,HLA-DRB1*15:37,,,
SOTE253,Allele_2,,,HLA-DRB1*15:60,,,
SOTE253,Allele_2,,,HLA-DRB1*15:74,,,
SOTE253,Allele_2,,,HLA-DRB1*15:85,,,
SOTE253,Allele_2,,,HLA-DRB1*15:86,,,
SOTE253,Allele_2,,,HLA-DRB1*15:87,,,
SOTE253,Allele_2,,,HLA-DRB1*15:92,,,
SOTE256,Allele_1,HLA-DQA1*03:01,HLA-DQB1*02:01,HLA-DRB1*03:01,HLA-DRB3*02:02,HLA-DRB4*01:03,HLA-DRB5*01:01
SOTE256,Allele_1,,,HLA-DRB1*03:147,,,
SOTE256,Allele_2,HLA-DQA1*05:01,HLA-DQB1*03:02,HLA-DRB1*04:04,HLA-DRB3*02:02,HLA-DRB4*01:03,HLA-DRB5*01:01
SOTE257,Allele_1,HLA-DQA1*01:03,HLA-DQB1*03:02,HLA-DRB1*04:01,,HLA-DRB4*01:03,HLA-DRB5*01:10N
SOTE257,Allele_2,HLA-DQA1*03:01,HLA-DQB1*05:03,HLA-DRB1*15:02,,HLA-DRB4*01:03,HLA-DRB5*01:10N
SOTE257,Allele_2,,,HLA-DRB1*15:140,,,
SOTE257,Allele_2,,,HLA-DRB1*15:149,,,
SOTE26,Allele_1,HLA-DQA1*01:02,HLA-DQB1*05:03,HLA-DRB1*14:04,HLA-DRB3*02:02,,HLA-DRB5*01:01
SOTE26,Allele_2,HLA-DQA1*01:04,HLA-DQB1*06:02,HLA-DRB1*15:01,HLA-DRB3*02:02,,HLA-DRB5*01:01
SOTE260,Allele_1,HLA-DQA1*02:01,HLA-DQB1*02:02,HLA-DRB1*04:01,,HLA-DRB4*01:03,HLA-DRB5*01:01
SOTE260,Allele_2,HLA-DQA1*03:01,HLA-DQB1*03:02,HLA-DRB1*07:01,,HLA-DRB4*01:03,HLA-DRB5*02:02#1
SOTE262,Allele_1,HLA-DQA1*02:01,HLA-DQB1*02:02,HLA-DRB1*04:05,,HLA-DRB4*01:03,
SOTE262,Allele_2,HLA-DQA1*03:03,HLA-DQB1*03:02,HLA-DRB1*07:01,,HLA-DRB4*01:03,
SOTE263,Allele_1,HLA-DQA1*01:01,HLA-DQB1*03:01,HLA-DRB1*01:01,HLA-DRB3*02:02,,
SOTE263,Allele_1,,HLA-DQB1*03:358N,HLA-DRB1*01:100,,,
SOTE263,Allele_2,HLA-DQA1*05:05,HLA-DQB1*05:01,HLA-DRB1*11:01,HLA-DRB3*02:02,,
SOTE267,Allele_1,HLA-DQA1*01:01,HLA-DQB1*02:02,HLA-DRB1*01:01,,HLA-DRB4*01:03,
SOTE267,Allele_1,,,HLA-DRB1*01:100,,,
SOTE267,Allele_2,HLA-DQA1*02:01,HLA-DQB1*05:01,HLA-DRB1*07:01,,HLA-DRB4*01:03,
SOTE270,Allele_1,HLA-DQA1*01:03,HLA-DQB1*03:01,HLA-DRB1*11:04,HLA-DRB3*01:01,,
SOTE270,Allele_1,,HLA-DQB1*03:358N,,,,
SOTE270,Allele_2,HLA-DQA1*05:05,HLA-DQB1*06:03,HLA-DRB1*13:01,HLA-DRB3*02:02,,
SOTE275,Allele_1,HLA-DQA1*01:03,HLA-DQB1*03:01,HLA-DRB1*11:01,HLA-DRB3*01:01,,
SOTE275,Allele_1,,HLA-DQB1*03:358N,,,,
SOTE275,Allele_2,HLA-DQA1*05:05,HLA-DQB1*06:03,HLA-DRB1*13:01,HLA-DRB3*02:02,,
SOTE276,Allele_1,HLA-DQA1*01:03,HLA-DQB1*03:01,HLA-DRB1*11:04,HLA-DRB3*02:02,,HLA-DRB5*01:02
SOTE276,Allele_1,,HLA-DQB1*03:358N,,,,
SOTE276,Allele_2,HLA-DQA1*05:05,HLA-DQB1*06:01,HLA-DRB1*15:02,HLA-DRB3*02:02,,HLA-DRB5*01:02
SOTE276,Allele_2,,,HLA-DRB1*15:140,,,
SOTE276,Allele_2,,,HLA-DRB1*15:149,,,
SOTE277,Allele_1,HLA-DQA1*05:01,HLA-DQB1*02:01,HLA-DRB1*03:01,HLA-DRB3*01:01,HLA-DRB4*01:01,
SOTE277,Allele_1,,,HLA-DRB1*03:147,,,
SOTE277,Allele_2,HLA-DQA1*05:05,HLA-DQB1*03:01,HLA-DRB1*11:04,HLA-DRB3*02:02,HLA-DRB4*01:03,
SOTE277,Allele_2,,HLA-DQB1*03:358N,,,,
SOTE28,Allele_1,HLA-DQA1*01:01,HLA-DQB1*05:01,HLA-DRB1*01:01,HLA-DRB3*02:02,,HLA-DRB5*01:01
SOTE28,Allele_1,,,HLA-DRB1*01:100,HLA-DRB3*02:14,,HLA-DRB5*01:04
SOTE28,Allele_1,,,,HLA-DRB3*02:24,,HLA-DRB5*01:06
SOTE28,Allele_1,,,,HLA-DRB3*02:31,,HLA-DRB5*01:07
SOTE28,Allele_1,,,,HLA-DRB3*02:34,,HLA-DRB5*01:09
SOTE28,Allele_1,,,,HLA-DRB3*02:41,,HLA-DRB5*01:11
SOTE28,Allele_1,,,,HLA-DRB3*02:46,,HLA-DRB5*01:15
SOTE28,Allele_1,,,,HLA-DRB3*02:55N,,HLA-DRB5*01:18
SOTE28,Allele_1,,,,HLA-DRB3*02:64,,HLA-DRB5*01:22
SOTE28,Allele_1,,,,HLA-DRB3*02:74,,HLA-DRB5*01:31
SOTE28,Allele_1,,,,HLA-DRB3*02:79,,HLA-DRB5*01:37
SOTE28,Allele_1,,,,HLA-DRB3*02:90,,HLA-DRB5*01:44
SOTE28,Allele_1,,,,,,HLA-DRB5*01:50
SOTE28,Allele_1,,,,,,HLA-DRB5*01:55
SOTE28,Allele_2,HLA-DQA1*01:04,HLA-DQB1*05:02,HLA-DRB1*14:54,HLA-DRB3*02:02,,HLA-DRB5*01:01
SOTE28,Allele_2,,,,HLA-DRB3*02:14,,HLA-DRB5*01:04
SOTE28,Allele_2,,,,HLA-DRB3*02:24,,HLA-DRB5*01:06
SOTE28,Allele_2,,,,HLA-DRB3*02:31,,HLA-DRB5*01:07
SOTE28,Allele_2,,,,HLA-DRB3*02:34,,HLA-DRB5*01:09
SOTE28,Allele_2,,,,HLA-DRB3*02:41,,HLA-DRB5*01:11
SOTE28,Allele_2,,,,HLA-DRB3*02:46,,HLA-DRB5*01:15
SOTE28,Allele_2,,,,HLA-DRB3*02:55N,,HLA-DRB5*01:18
SOTE28,Allele_2,,,,HLA-DRB3*02:64,,HLA-DRB5*01:22
SOTE28,Allele_2,,,,HLA-DRB3*02:74,,HLA-DRB5*01:31
SOTE28,Allele_2,,,,HLA-DRB3*02:79,,HLA-DRB5*01:37
SOTE28,Allele_2,,,,HLA-DRB3*02:90,,HLA-DRB5*01:44
SOTE28,Allele_2,,,,,,HLA-DRB5*01:50
SOTE28,Allele_2,,,,,,HLA-DRB5*01:55
SOTE281,Allele_1,HLA-DQA1*01:01,HLA-DQB1*05:01,HLA-DRB1*01:01,HLA-DRB3*03:01,,
SOTE281,Allele_1,,,HLA-DRB1*01:100,,,
SOTE281,Allele_2,HLA-DQA1*01:02,HLA-DQB1*06:09,HLA-DRB1*13:02,HLA-DRB3*03:01,,
SOTE282,Allele_1,HLA-DQA1*01:02,HLA-DQB1*03:01,HLA-DRB1*13:03,HLA-DRB3*01:01,,HLA-DRB5*02:02
SOTE282,Allele_1,,HLA-DQB1*03:358N,,,,
SOTE282,Allele_2,HLA-DQA1*05:05,HLA-DQB1*05:02,HLA-DRB1*16:01,HLA-DRB3*01:01,,HLA-DRB5*02:02
SOTE283,Allele_1,HLA-DQA1*03:01,HLA-DQB1*02:01,HLA-DRB1*03:01,HLA-DRB3*02:02,HLA-DRB4*01:03,HLA-DRB5*01:01
SOTE283,Allele_1,,,HLA-DRB1*03:147,,,
SOTE283,Allele_2,HLA-DQA1*05:01,HLA-DQB1*03:02,HLA-DRB1*04:04,HLA-DRB3*02:02,HLA-DRB4*01:03,HLA-DRB5*01:02
SOTE284,Allele_1,HLA-DQA1*01:02,HLA-DQB1*03:02,HLA-DRB1*04:02,,HLA-DRB4*01:03,HLA-DRB5*02:02
SOTE284,Allele_2,HLA-DQA1*03:01,HLA-DQB1*05:02,HLA-DRB1*16:01,,HLA-DRB4*01:03,HLA-DRB5*02:02
SOTE285,Allele_1,HLA-DQA1*02:01,HLA-DQB1*02:02,HLA-DRB1*07:01,HLA-DRB3*02:02,HLA-DRB4*01:03,
SOTE285,Allele_2,HLA-DQA1*05:05,HLA-DQB1*03:01,HLA-DRB1*12:01,HLA-DRB3*02:02,HLA-DRB4*01:03,
SOTE285,Allele_2,,HLA-DQB1*03:358N,HLA-DRB1*12:10,,,
SOTE286,Allele_1,HLA-DQA1*01:02,HLA-DQB1*02:01,HLA-DRB1*03:01,HLA-DRB3*02:02,,
SOTE286,Allele_1,,,HLA-DRB1*03:147,,,
SOTE286,Allele_2,HLA-DQA1*05:01,HLA-DQB1*06:04,HLA-DRB1*13:02,HLA-DRB3*03:01,,
SOTE287,Allele_1,HLA-DQA1*01:02,HLA-DQB1*05:02,HLA-DRB1*14:04,HLA-DRB3*02:02,HLA-DRB4*01:01,HLA-DRB5*02:02
SOTE287,Allele_2,HLA-DQA1*01:04,HLA-DQB1*05:03,HLA-DRB1*16:01,HLA-DRB3*02:02,HLA-DRB4*01:03,HLA-DRB5*02:02
SOTE288,Allele_1,HLA-DQA1*01:04,HLA-DQB1*03:01,HLA-DRB1*11:01,HLA-DRB3*02:02,HLA-DRB4*01:03,HLA-DRB5*01:02
SOTE288,Allele_1,,HLA-DQB1*03:358N,,,,
SOTE288,Allele_2,HLA-DQA1*05:05,HLA-DQB1*05:03,HLA-DRB1*14:01,HLA-DRB3*02:02,HLA-DRB4*01:03,HLA-DRB5*01:02
SOTE289,Allele_1,HLA-DQA1*02:01,HLA-DQB1*03:03,HLA-DRB1*07:01,HLA-DRB3*02:02,HLA-DRB4*01:03,HLA-DRB5*01:02
SOTE289,Allele_2,HLA-DQA1*05:05,HLA-DQB1*03:12,HLA-DRB1*12:01,HLA-DRB3*02:02,HLA-DRB4*01:03,HLA-DRB5*02:02
SOTE289,Allele_2,,,HLA-DRB1*12:10,,,
SOTE291,Allele_1,HLA-DQA1*01:01,HLA-DQB1*02:02,HLA-DRB1*01:01,,HLA-DRB4*01:03,
SOTE291,Allele_1,,,HLA-DRB1*01:100,,,
SOTE291,Allele_2,HLA-DQA1*02:01,HLA-DQB1*05:01,HLA-DRB1*07:01,,HLA-DRB4*01:03,
SOTE292,Allele_1,HLA-DQA1*01:03,HLA-DQB1*02:02,HLA-DRB1*07:01,HLA-DRB3*01:01,HLA-DRB4*01:01,HLA-DRB5*01:01
SOTE292,Allele_2,HLA-DQA1*02:01,HLA-DQB1*06:03,HLA-DRB1*13:01,HLA-DRB3*01:01,HLA-DRB4*01:01,HLA-DRB5*02:02
SOTE295,Allele_1,HLA-DQA1*01:02,HLA-DQB1*05:02,HLA-DRB1*15:01,,,HLA-DRB5*01:01
SOTE295,Allele_2,HLA-DQA1*01:03,HLA-DQB1*06:01,HLA-DRB1*15:02,,,HLA-DRB5*01:02
SOTE295,Allele_2,,,HLA-DRB1*15:140,,,
SOTE295,Allele_2,,,HLA-DRB1*15:149,,,
SOTE296,Allele_1,HLA-DQA1*01:05,HLA-DQB1*02:02,HLA-DRB1*07:01,,HLA-DRB4*01:01,
SOTE296,Allele_2,HLA-DQA1*02:01,HLA-DQB1*05:01,HLA-DRB1*10:01,,HLA-DRB4*01:01,
SOTE297,Allele_1,HLA-DQA1*01:02,HLA-DQB1*02:01,HLA-DRB1*03:01,HLA-DRB3*01:01,,
SOTE297,Allele_1,,,HLA-DRB1*03:147,,,
SOTE297,Allele_2,HLA-DQA1*05:01,HLA-DQB1*06:04,HLA-DRB1*13:02,HLA-DRB3*03:01,,
SOTE299,Allele_1,HLA-DQA1*02:01,HLA-DQB1*03:01,HLA-DRB1*07:01,HLA-DRB3*02:02,HLA-DRB4*01:03,
SOTE299,Allele_1,,HLA-DQB1*03:03,,,,
SOTE299,Allele_2,HLA-DQA1*05:05,HLA-DQB1*03:03,HLA-DRB1*11:01,HLA-DRB3*02:02,HLA-DRB4*01:03,
SOTE299,Allele_2,,HLA-DQB1*03:358N,,,,
SOTE3,Allele_1,HLA-DQA1*01:01,HLA-DQB1*04:02,HLA-DRB1*01:02,,HLA-DRB4*01:03,
SOTE3,Allele_2,HLA-DQA1*04:01,HLA-DQB1*05:01,HLA-DRB1*08:01,,HLA-DRB4*01:03,
SOTE30,Allele_1,HLA-DQA1*03:01,HLA-DQB1*03:01,HLA-DRB1*04:02,HLA-DRB3*02:02,HLA-DRB4*01:03,
SOTE30,Allele_1,,HLA-DQB1*03:02,,,,
SOTE30,Allele_2,HLA-DQA1*05:05,HLA-DQB1*03:02,HLA-DRB1*11:04,HLA-DRB3*02:02,HLA-DRB4*01:03,
SOTE30,Allele_2,,HLA-DQB1*03:358N,,,,
SOTE304,Allele_1,HLA-DQA1*03:03,HLA-DQB1*03:01,HLA-DRB1*04:01,,HLA-DRB4*01:03,
SOTE304,Allele_1,,HLA-DQB1*03:02,,,,
SOTE304,Allele_2,HLA-DQA1*03:03,HLA-DQB1*03:02,HLA-DRB1*04:05,,HLA-DRB4*01:03,
SOTE304,Allele_2,,HLA-DQB1*03:358N,,,,
SOTE306,Allele_1,HLA-DQA1*01:04,HLA-DQB1*03:05,HLA-DRB1*04:01,HLA-DRB3*02:02,HLA-DRB4*01:03,
SOTE306,Allele_1,,,HLA-DRB1*04:119N,,,
SOTE306,Allele_1,,,HLA-DRB1*04:13,,,
SOTE306,Allele_1,,,HLA-DRB1*04:130,,,
SOTE306,Allele_1,,,HLA-DRB1*04:151,,,
SOTE306,Allele_1,,,HLA-DRB1*04:215,,,
SOTE306,Allele_2,HLA-DQA1*03:01,HLA-DQB1*05:03,HLA-DRB1*14:54,HLA-DRB3*02:02,HLA-DRB4*01:03,
SOTE307,Allele_1,HLA-DQA1*01:02,HLA-DQB1*05:02,HLA-DRB1*13:02,HLA-DRB3*03:01,,HLA-DRB5*02:02
SOTE307,Allele_2,HLA-DQA1*01:02,HLA-DQB1*06:09,HLA-DRB1*16:01,HLA-DRB3*03:01,,HLA-DRB5*02:02
SOTE31,Allele_1,HLA-DQA1*01:03,HLA-DQB1*03:02,HLA-DRB1*04:05,,HLA-DRB4*01:03,HLA-DRB5*01:02
SOTE31,Allele_2,HLA-DQA1*03:03,HLA-DQB1*06:01,HLA-DRB1*15:02,,HLA-DRB4*01:03,HLA-DRB5*01:02
SOTE31,Allele_2,,,HLA-DRB1*15:140,,,
SOTE31,Allele_2,,,HLA-DRB1*15:149,,,
SOTE310,Allele_1,HLA-DQA1*01:01,HLA-DQB1*05:01,HLA-DRB1*01:01,HLA-DRB3*01:01,,
SOTE310,Allele_1,,,HLA-DRB1*01:100,,,
SOTE310,Allele_2,HLA-DQA1*01:03,HLA-DQB1*06:03,HLA-DRB1*13:01,HLA-DRB3*01:01,,
SOTE311,Allele_1,HLA-DQA1*01:02,HLA-DQB1*02:02,HLA-DRB1*07:01,,HLA-DRB4*01:01,HLA-DRB5*02:02
SOTE311,Allele_2,HLA-DQA1*02:01,HLA-DQB1*06:02,HLA-DRB1*16:01,,HLA-DRB4*01:01,HLA-DRB5*02:02
SOTE312,Allele_1,HLA-DQA1*01:04,HLA-DQB1*03:02,HLA-DRB1*04:02,HLA-DRB3*02:02,HLA-DRB4*01:03,HLA-DRB5*02:02
SOTE312,Allele_2,HLA-DQA1*03:01,HLA-DQB1*05:03,HLA-DRB1*14:54,HLA-DRB3*02:02,HLA-DRB4*01:03,HLA-DRB5*02:02#1
SOTE316,Allele_1,HLA-DQA1*01:02,HLA-DQB1*04:02,HLA-DRB1*08:01,HLA-DRB3*03:01,HLA-DRB4*01:03,
SOTE316,Allele_1,,,,HLA-DRB3*03:01#1,,
SOTE316,Allele_2,HLA-DQA1*04:01,HLA-DQB1*06:04,HLA-DRB1*13:02,HLA-DRB3*03:01,HLA-DRB4*01:03,
SOTE316,Allele_2,,,,HLA-DRB3*03:01#1,,
SOTE317,Allele_1,HLA-DQA1*01:01,HLA-DQB1*03:01,HLA-DRB1*01:01,HLA-DRB3*02:02,,
SOTE317,Allele_1,,HLA-DQB1*03:358N,HLA-DRB1*01:100,,,
SOTE317,Allele_2,HLA-DQA1*05:05,HLA-DQB1*05:01,HLA-DRB1*12:01,HLA-DRB3*02:02#1,,
SOTE317,Allele_2,,,HLA-DRB1*12:10,,,
SOTE318,Allele_1,HLA-DQA1*01:01,HLA-DQB1*03:01,HLA-DRB1*01:02,HLA-DRB3*02:02,HLA-DRB4*01:03,
SOTE318,Allele_1,,HLA-DQB1*03:358N,,,HLA-DRB4*01:07,
SOTE318,Allele_1,,,,,HLA-DRB4*01:08,
SOTE318,Allele_1,,,,,HLA-DRB4*01:14,
SOTE318,Allele_1,,,,,HLA-DRB4*01:36,
SOTE318,Allele_1,,,,,HLA-DRB4*01:37,
SOTE318,Allele_1,,,,,HLA-DRB4*01:38N,
SOTE318,Allele_1,,,,,HLA-DRB4*01:42,
SOTE318,Allele_1,,,,,HLA-DRB4*01:46,
SOTE318,Allele_1,,,,,HLA-DRB4*01:47,
SOTE318,Allele_1,,,,,HLA-DRB4*01:49,
SOTE318,Allele_1,,,,,HLA-DRB4*01:50,
SOTE318,Allele_1,,,,,HLA-DRB4*01:54N,
SOTE318,Allele_1,,,,,HLA-DRB4*01:60,
SOTE318,Allele_1,,,,,HLA-DRB4*01:71N,
SOTE318,Allele_1,,,,,HLA-DRB4*01:72,
SOTE318,Allele_1,,,,,HLA-DRB4*01:82,
SOTE318,Allele_1,,,,,HLA-DRB4*01:87,
SOTE318,Allele_2,HLA-DQA1*05:05,HLA-DQB1*05:01,HLA-DRB1*11:01,HLA-DRB3*02:02,HLA-DRB4*01:03,
SOTE318,Allele_2,,,,,HLA-DRB4*01:07,
SOTE318,Allele_2,,,,,HLA-DRB4*01:08,
SOTE318,Allele_2,,,,,HLA-DRB4*01:14,
SOTE318,Allele_2,,,,,HLA-DRB4*01:36,
SOTE318,Allele_2,,,,,HLA-DRB4*01:37,
SOTE318,Allele_2,,,,,HLA-DRB4*01:38N,
SOTE318,Allele_2,,,,,HLA-DRB4*01:42,
SOTE318,Allele_2,,,,,HLA-DRB4*01:46,
SOTE318,Allele_2,,,,,HLA-DRB4*01:47,
SOTE318,Allele_2,,,,,HLA-DRB4*01:49,
SOTE318,Allele_2,,,,,HLA-DRB4*01:50,
SOTE318,Allele_2,,,,,HLA-DRB4*01:54N,
SOTE318,Allele_2,,,,,HLA-DRB4*01:60,
SOTE318,Allele_2,,,,,HLA-DRB4*01:71N,
SOTE318,Allele_2,,,,,HLA-DRB4*01:72,
SOTE318,Allele_2,,,,,HLA-DRB4*01:82,
SOTE318,Allele_2,,,,,HLA-DRB4*01:87,
SOTE32,Allele_1,HLA-DQA1*02:01,HLA-DQB1*02:02,HLA-DRB1*07:01,HLA-DRB3*02:02,HLA-DRB4*01:01,
SOTE32,Allele_2,HLA-DQA1*05:05,HLA-DQB1*03:01,HLA-DRB1*11:01,HLA-DRB3*02:02,HLA-DRB4*01:01,
SOTE32,Allele_2,,HLA-DQB1*03:358N,,,,
SOTE320,Allele_1,HLA-DQA1*02:01,HLA-DQB1*03:01,HLA-DRB1*07:01,HLA-DRB3*02:02,HLA-DRB4*01:03,HLA-DRB5*01:01
SOTE320,Allele_1,,HLA-DQB1*03:03,,,,
SOTE320,Allele_2,HLA-DQA1*05:05,HLA-DQB1*03:03,HLA-DRB1*11:01,HLA-DRB3*02:02,HLA-DRB4*01:03,HLA-DRB5*01:01
SOTE320,Allele_2,,HLA-DQB1*03:358N,,,,
SOTE321,Allele_1,HLA-DQA1*01:04,HLA-DQB1*03:01,HLA-DRB1*11:04,HLA-DRB3*02:02,,
SOTE321,Allele_1,,HLA-DQB1*03:358N,,,,
SOTE321,Allele_2,HLA-DQA1*05:05,HLA-DQB1*05:03,HLA-DRB1*14:54,HLA-DRB3*02:02,,
SOTE323,Allele_1,HLA-DQA1*03:01,HLA-DQB1*03:02,HLA-DRB1*04:01,,HLA-DRB4*01:03,
SOTE323,Allele_1,,,HLA-DRB1*04:03,,,
SOTE323,Allele_1,,,HLA-DRB1*04:07,,,
SOTE323,Allele_1,,,HLA-DRB1*04:119N,,,
SOTE323,Allele_1,,,HLA-DRB1*04:13,,,
SOTE323,Allele_1,,,HLA-DRB1*04:130,,,
SOTE323,Allele_1,,,HLA-DRB1*04:142N,,,
SOTE323,Allele_1,,,HLA-DRB1*04:151,,,
SOTE323,Allele_1,,,HLA-DRB1*04:181,,,
SOTE323,Allele_1,,,HLA-DRB1*04:195,,,
SOTE323,Allele_1,,,HLA-DRB1*04:215,,,
SOTE323,Allele_2,HLA-DQA1*03:01,HLA-DQB1*03:04,HLA-DRB1*04:03,,HLA-DRB4*01:03,
SOTE323,Allele_2,,,HLA-DRB1*04:07,,,
SOTE323,Allele_2,,,HLA-DRB1*04:119N,,,
SOTE323,Allele_2,,,HLA-DRB1*04:13,,,
SOTE323,Allele_2,,,HLA-DRB1*04:130,,,
SOTE323,Allele_2,,,HLA-DRB1*04:142N,,,
SOTE323,Allele_2,,,HLA-DRB1*04:151,,,
SOTE323,Allele_2,,,HLA-DRB1*04:181,,,
SOTE323,Allele_2,,,HLA-DRB1*04:195,,,
SOTE323,Allele_2,,,HLA-DRB1*04:215,,,
SOTE323,Allele_2,,,HLA-DRB1*04:222,,,
SOTE323,Allele_2,,,HLA-DRB1*04:226,,,
SOTE323,Allele_2,,,HLA-DRB1*04:27,,,
SOTE323,Allele_2,,,HLA-DRB1*04:298,,,
SOTE323,Allele_2,,,HLA-DRB1*04:52,,,
SOTE324,Allele_1,HLA-DQA1*03:03,HLA-DQB1*02:01,HLA-DRB1*03:01,HLA-DRB3*02:02,HLA-DRB4*01:03,
SOTE324,Allele_1,,,HLA-DRB1*03:147,HLA-DRB3*02:110,,
SOTE324,Allele_1,,,HLA-DRB1*03:68N,HLA-DRB3*02:34,,
SOTE324,Allele_1,,,HLA-DRB1*03:83,HLA-DRB3*02:46,,
SOTE324,Allele_1,,,,HLA-DRB3*02:64,,
SOTE324,Allele_1,,,,HLA-DRB3*02:74,,
SOTE324,Allele_1,,,,HLA-DRB3*02:79,,
SOTE324,Allele_2,HLA-DQA1*05:01,HLA-DQB1*03:01,HLA-DRB1*04:01,HLA-DRB3*02:02,HLA-DRB4*01:03,
SOTE324,Allele_2,,HLA-DQB1*03:358N,HLA-DRB1*04:119N,HLA-DRB3*02:110,,
SOTE324,Allele_2,,,HLA-DRB1*04:128,HLA-DRB3*02:34,,
SOTE324,Allele_2,,,HLA-DRB1*04:13,HLA-DRB3*02:46,,
SOTE324,Allele_2,,,HLA-DRB1*04:130,HLA-DRB3*02:64,,
SOTE324,Allele_2,,,HLA-DRB1*04:139,HLA-DRB3*02:74,,
SOTE324,Allele_2,,,HLA-DRB1*04:140,HLA-DRB3*02:79,,
SOTE324,Allele_2,,,HLA-DRB1*04:150,,,
SOTE324,Allele_2,,,HLA-DRB1*04:151,,,
SOTE324,Allele_2,,,HLA-DRB1*04:155,,,
SOTE324,Allele_2,,,HLA-DRB1*04:158N,,,
SOTE324,Allele_2,,,HLA-DRB1*04:188,,,
SOTE324,Allele_2,,,HLA-DRB1*04:215,,,
SOTE324,Allele_2,,,HLA-DRB1*04:22,,,
SOTE324,Allele_2,,,HLA-DRB1*04:267N,,,
SOTE324,Allele_2,,,HLA-DRB1*04:283,,,
SOTE324,Allele_2,,,HLA-DRB1*04:72,,,
SOTE324,Allele_2,,,HLA-DRB1*04:98,,,
SOTE325,Allele_1,HLA-DQA1*02:01,HLA-DQB1*02:02,HLA-DRB1*04:02,,HLA-DRB4*01:01,
SOTE325,Allele_2,HLA-DQA1*03:01,HLA-DQB1*03:02,HLA-DRB1*07:01,,HLA-DRB4*01:03,
SOTE327,Allele_1,HLA-DQA1*01:01,HLA-DQB1*05:01,HLA-DRB1*01:01,HLA-DRB3*01:01,HLA-DRB4*01:01,HLA-DRB5*01:02
SOTE327,Allele_1,,,HLA-DRB1*01:100,,,
SOTE327,Allele_2,HLA-DQA1*01:03,HLA-DQB1*06:03,HLA-DRB1*13:01,HLA-DRB3*01:01,HLA-DRB4*01:03,HLA-DRB5*01:02
SOTE33,Allele_1,HLA-DQA1*01:04,HLA-DQB1*02:01,HLA-DRB1*03:01,HLA-DRB3*01:01,,
SOTE33,Allele_1,,,HLA-DRB1*03:147,,,
SOTE33,Allele_2,HLA-DQA1*05:01,HLA-DQB1*05:03,HLA-DRB1*14:54,HLA-DRB3*02:02,,
SOTE330,Allele_1,HLA-DQA1*01:01,HLA-DQB1*04:02,HLA-DRB1*01:02,,HLA-DRB4*01:03,
SOTE330,Allele_2,HLA-DQA1*03:03,HLA-DQB1*05:01,HLA-DRB1*04:04,,HLA-DRB4*01:03,
SOTE331,Allele_1,HLA-DQA1*01:02,HLA-DQB1*02:01,HLA-DRB1*03:01,HLA-DRB3*02:02,,HLA-DRB5*01:01
SOTE331,Allele_1,,,HLA-DRB1*03:147,,,
SOTE331,Allele_2,HLA-DQA1*05:01,HLA-DQB1*06:02,HLA-DRB1*15:01,HLA-DRB3*02:02,,HLA-DRB5*01:01
SOTE333,Allele_1,HLA-DQA1*02:01,HLA-DQB1*02:02,HLA-DRB1*07:01,HLA-DRB3*02:02,HLA-DRB4*01:01,
SOTE333,Allele_2,HLA-DQA1*05:05,HLA-DQB1*03:01,HLA-DRB1*12:01,HLA-DRB3*02:02,HLA-DRB4*01:01,
SOTE333,Allele_2,,HLA-DQB1*03:358N,HLA-DRB1*12:10,,,
SOTE335,Allele_1,HLA-DQA1*01:01,HLA-DQB1*05:01,HLA-DRB1*01:01,,,HLA-DRB5*01:10N
SOTE335,Allele_1,,,HLA-DRB1*01:100,,,
SOTE335,Allele_2,HLA-DQA1*01:03,HLA-DQB1*05:03,HLA-DRB1*15:02,,,HLA-DRB5*01:10N
SOTE335,Allele_2,,,HLA-DRB1*15:140,,,
SOTE335,Allele_2,,,HLA-DRB1*15:149,,,
SOTE337,Allele_1,HLA-DQA1*01:02,HLA-DQB1*05:02,HLA-DRB1*13:02,HLA-DRB3*03:01,,HLA-DRB5*02:02
SOTE337,Allele_2,HLA-DQA1*01:02,HLA-DQB1*06:04,HLA-DRB1*16:01,HLA-DRB3*03:01,,HLA-DRB5*02:02
SOTE337,Allele_2,,,HLA-DRB1*16:15,,,
SOTE337,Allele_2,,,HLA-DRB1*16:24,,,
SOTE337,Allele_2,,,HLA-DRB1*16:32,,,
SOTE337,Allele_2,,,HLA-DRB1*16:34,,,
SOTE337,Allele_2,,,HLA-DRB1*16:42,,,
SOTE337,Allele_2,,,HLA-DRB1*16:49,,,
SOTE337,Allele_2,,,HLA-DRB1*16:59Q,,,
SOTE34,Allele_1,HLA-DQA1*02:01,HLA-DQB1*02:02,HLA-DRB1*07:01,,HLA-DRB4*01:03,
SOTE34,Allele_2,HLA-DQA1*03:02,HLA-DQB1*03:03,HLA-DRB1*09:01,,HLA-DRB4*01:03,
SOTE34,Allele_2,,,HLA-DRB1*09:31,,,
SOTE356,Allele_1,HLA-DQA1*02:01,HLA-DQB1*02:02,HLA-DRB1*07:01,HLA-DRB3*02:02,HLA-DRB4*01:03,
SOTE356,Allele_1,,,,HLA-DRB3*02:110,,
SOTE356,Allele_1,,,,HLA-DRB3*02:34,,
SOTE356,Allele_1,,,,HLA-DRB3*02:46,,
SOTE356,Allele_1,,,,HLA-DRB3*02:64,,
SOTE356,Allele_1,,,,HLA-DRB3*02:74,,
SOTE356,Allele_1,,,,HLA-DRB3*02:79,,
SOTE356,Allele_1,,,,HLA-DRB3*02:99,,
SOTE356,Allele_2,HLA-DQA1*05:05,HLA-DQB1*03:01,HLA-DRB1*11:01,HLA-DRB3*02:02,HLA-DRB4*01:03,
SOTE356,Allele_2,,HLA-DQB1*03:358N,,HLA-DRB3*02:110,,
SOTE356,Allele_2,,,,HLA-DRB3*02:34,,
SOTE356,Allele_2,,,,HLA-DRB3*02:46,,
SOTE356,Allele_2,,,,HLA-DRB3*02:64,,
SOTE356,Allele_2,,,,HLA-DRB3*02:74,,
SOTE356,Allele_2,,,,HLA-DRB3*02:79,,
SOTE356,Allele_2,,,,HLA-DRB3*02:99,,
SOTE357,Allele_1,HLA-DQA1*01:02,HLA-DQB1*02:02,HLA-DRB1*07:01,,HLA-DRB4*01:03,HLA-DRB5*02:02
SOTE357,Allele_2,HLA-DQA1*02:01,HLA-DQB1*05:02,HLA-DRB1*16:01,,HLA-DRB4*01:03,HLA-DRB5*02:02
SOTE359,Allele_1,HLA-DQA1*05:01,HLA-DQB1*02:01,HLA-DRB1*03:01,HLA-DRB3*01:01,,
SOTE359,Allele_1,,,HLA-DRB1*03:147,,,
SOTE359,Allele_2,HLA-DQA1*05:05,HLA-DQB1*03:01,HLA-DRB1*11:04,HLA-DRB3*02:02,,
SOTE359,Allele_2,,HLA-DQB1*03:358N,,,,
SOTE36,Allele_1,HLA-DQA1*01:01,HLA-DQB1*05:01,HLA-DRB1*01:01,,,HLA-DRB5*01:01
SOTE36,Allele_1,,,HLA-DRB1*01:100,,,
SOTE36,Allele_2,HLA-DQA1*01:02,HLA-DQB1*06:02,HLA-DRB1*15:01,,,HLA-DRB5*01:01
SOTE360,Allele_1,HLA-DQA1*01:01,HLA-DQB1*02:02,HLA-DRB1*01:01,,HLA-DRB4*01:03,
SOTE360,Allele_1,,,HLA-DRB1*01:100,,,
SOTE360,Allele_2,HLA-DQA1*02:01,HLA-DQB1*05:01,HLA-DRB1*07:01,,HLA-DRB4*01:03,
SOTE361,Allele_1,HLA-DQA1*03:01,HLA-DQB1*03:01,HLA-DRB1*04:02,HLA-DRB3*01:01,HLA-DRB4*01:03,
SOTE361,Allele_1,,HLA-DQB1*03:02,,,,
SOTE361,Allele_2,HLA-DQA1*05:05,HLA-DQB1*03:02,HLA-DRB1*13:03,HLA-DRB3*01:67#1,HLA-DRB4*01:03,
SOTE361,Allele_2,,HLA-DQB1*03:358N,,,,
SOTE367,Allele_1,HLA-DQA1*01:02,HLA-DQB1*03:01,HLA-DRB1*11:04,HLA-DRB3*02:02,,HLA-DRB5*01:01
SOTE367,Allele_1,,HLA-DQB1*03:358N,,HLA-DRB3*02:110,,
SOTE367,Allele_1,,,,HLA-DRB3*02:34,,
SOTE367,Allele_1,,,,HLA-DRB3*02:46,,
SOTE367,Allele_2,HLA-DQA1*05:05,HLA-DQB1*06:02,HLA-DRB1*15:01,HLA-DRB3*02:02,,HLA-DRB5*01:01
SOTE367,Allele_2,,,,HLA-DRB3*02:110,,
SOTE367,Allele_2,,,,HLA-DRB3*02:34,,
SOTE367,Allele_2,,,,HLA-DRB3*02:46,,
SOTE370,Allele_1,HLA-DQA1*03:01,HLA-DQB1*03:01,HLA-DRB1*04:01,HLA-DRB3*01:01,HLA-DRB4*01:03,
SOTE370,Allele_1,,HLA-DQB1*03:02,HLA-DRB1*04:119N,,,
SOTE370,Allele_1,,,HLA-DRB1*04:13,,,
SOTE370,Allele_1,,,HLA-DRB1*04:130,,,
SOTE370,Allele_1,,,HLA-DRB1*04:151,,,
SOTE370,Allele_1,,,HLA-DRB1*04:215,,,
SOTE370,Allele_2,HLA-DQA1*05:05,HLA-DQB1*03:02,HLA-DRB1*13:03,HLA-DRB3*01:01,HLA-DRB4*01:03,
SOTE370,Allele_2,,HLA-DQB1*03:358N,,,,
SOTE373,Allele_1,HLA-DQA1*03:01,HLA-DQB1*03:01,HLA-DRB1*04:03,HLA-DRB3*02:02,HLA-DRB4*01:03,
SOTE373,Allele_1,,HLA-DQB1*03:02,HLA-DRB1*04:07,,,
SOTE373,Allele_1,,,HLA-DRB1*04:129,,,
SOTE373,Allele_1,,,HLA-DRB1*04:142N,,,
SOTE373,Allele_1,,,HLA-DRB1*04:181,,,
SOTE373,Allele_1,,,HLA-DRB1*04:195,,,
SOTE373,Allele_1,,,HLA-DRB1*04:222,,,
SOTE373,Allele_1,,,HLA-DRB1*04:226,,,
SOTE373,Allele_1,,,HLA-DRB1*04:27,,,
SOTE373,Allele_1,,,HLA-DRB1*04:298,,,
SOTE373,Allele_1,,,HLA-DRB1*04:51,,,
SOTE373,Allele_1,,,HLA-DRB1*04:52,,,
SOTE373,Allele_2,HLA-DQA1*05:05,HLA-DQB1*03:02,HLA-DRB1*11:04,HLA-DRB3*02:02,HLA-DRB4*01:03,
SOTE373,Allele_2,,HLA-DQB1*03:358N,,,,
SOTE375,Allele_1,HLA-DQA1*01:02,HLA-DQB1*03:01,HLA-DRB1*13:03,HLA-DRB3*01:01,,HLA-DRB5*02:02
SOTE375,Allele_1,,HLA-DQB1*03:358N,,,,
SOTE375,Allele_2,HLA-DQA1*05:05,HLA-DQB1*05:02,HLA-DRB1*16:02,HLA-DRB3*01:01,,HLA-DRB5*02:02
SOTE375,Allele_2,,,HLA-DRB1*16:23,,,
SOTE375,Allele_2,,,HLA-DRB1*16:29,,,
SOTE375,Allele_2,,,HLA-DRB1*16:31,,,
SOTE375,Allele_2,,,HLA-DRB1*16:35,,,
SOTE375,Allele_2,,,HLA-DRB1*16:38,,,
SOTE375,Allele_2,,,HLA-DRB1*16:41N,,,
SOTE375,Allele_2,,,HLA-DRB1*16:53,,,
SOTE38,Allele_1,HLA-DQA1*03:01,HLA-DQB1*03:01,HLA-DRB1*04:04,HLA-DRB3*02:02,HLA-DRB4*01:03,
SOTE38,Allele_1,,HLA-DQB1*03:02,,,,
SOTE38,Allele_2,HLA-DQA1*05:05,HLA-DQB1*03:02,HLA-DRB1*13:05,HLA-DRB3*02:02,HLA-DRB4*01:03,
SOTE38,Allele_2,,HLA-DQB1*03:358N,,,,
SOTE386,Allele_1,HLA-DQA1*01:01,HLA-DQB1*03:03,HLA-DRB1*01:01,,HLA-DRB4*01:03,
SOTE386,Allele_1,,,HLA-DRB1*01:100,,,
SOTE386,Allele_2,HLA-DQA1*02:01,HLA-DQB1*05:01,HLA-DRB1*07:01,,HLA-DRB4*01:03,
SOTE387,Allele_1,HLA-DQA1*01:02,HLA-DQB1*03:02,HLA-DRB1*04:02,HLA-DRB3*03:01,HLA-DRB4*01:03,
SOTE387,Allele_2,HLA-DQA1*03:01,HLA-DQB1*06:04,HLA-DRB1*13:02,HLA-DRB3*03:01,HLA-DRB4*01:03,
SOTE39,Allele_1,HLA-DQA1*01:02,HLA-DQB1*03:01,HLA-DRB1*11:01,HLA-DRB3*02:02,,HLA-DRB5*01:01
SOTE39,Allele_1,,HLA-DQB1*03:358N,,,,
SOTE39,Allele_2,HLA-DQA1*05:05,HLA-DQB1*06:02,HLA-DRB1*15:01,HLA-DRB3*02:02,,HLA-DRB5*01:01
SOTE390,Allele_1,HLA-DQA1*01:04,HLA-DQB1*03:03,HLA-DRB1*07:01,HLA-DRB3*02:02,HLA-DRB4*01:03,
SOTE390,Allele_2,HLA-DQA1*02:01,HLA-DQB1*05:03,HLA-DRB1*14:216,HLA-DRB3*02:02,HLA-DRB4*01:03,
SOTE390,Allele_2,,,HLA-DRB1*14:54,,,
SOTE391,Allele_1,HLA-DQA1*01:02,HLA-DQB1*02:01,HLA-DRB1*03:01,HLA-DRB3*01:01,,HLA-DRB5*01:01
SOTE391,Allele_1,,,HLA-DRB1*03:147,,,
SOTE391,Allele_2,HLA-DQA1*05:01,HLA-DQB1*06:02,HLA-DRB1*15:01,HLA-DRB3*01:01,,HLA-DRB5*01:01
SOTE399,Allele_1,HLA-DQA1*03:02,HLA-DQB1*02:01,HLA-DRB1*03:01,HLA-DRB3*02:02,HLA-DRB4*01:03,
SOTE399,Allele_1,,,HLA-DRB1*03:147,,,
SOTE399,Allele_2,HLA-DQA1*05:01,HLA-DQB1*03:03,HLA-DRB1*09:01,HLA-DRB3*02:02,HLA-DRB4*01:03,
SOTE401,Allele_1,HLA-DQA1*01:01,HLA-DQB1*05:01,HLA-DRB1*01:01,HLA-DRB3*01:01,HLA-DRB4*01:03,
SOTE401,Allele_1,,,HLA-DRB1*01:100,,,
SOTE401,Allele_2,HLA-DQA1*01:03,HLA-DQB1*06:03,HLA-DRB1*13:01,HLA-DRB3*01:01,HLA-DRB4*01:03,
SOTE405,Allele_1,HLA-DQA1*02:01,HLA-DQB1*02:02,HLA-DRB1*07:01,HLA-DRB3*02:02,HLA-DRB4*01:03,
SOTE405,Allele_2,HLA-DQA1*05:05,HLA-DQB1*03:01,HLA-DRB1*11:01,HLA-DRB3*02:02,HLA-DRB4*01:03,
SOTE405,Allele_2,,HLA-DQB1*03:358N,,,,
SOTE406,Allele_1,HLA-DQA1*01:03,HLA-DQB1*03:01,HLA-DRB1*11:03,HLA-DRB3*01:01,,
SOTE406,Allele_1,,HLA-DQB1*03:358N,,,,
SOTE406,Allele_2,HLA-DQA1*05:05,HLA-DQB1*06:03,HLA-DRB1*13:18,HLA-DRB3*02:02,,
SOTE409,Allele_1,HLA-DQA1*02:01,HLA-DQB1*02:02,HLA-DRB1*07:01,,HLA-DRB4*01:03,
SOTE409,Allele_2,HLA-DQA1*04:01,HLA-DQB1*04:02,HLA-DRB1*08:01,,HLA-DRB4*01:03,
SOTE412,Allele_1,HLA-DQA1*01:02,HLA-DQB1*02:01,HLA-DRB1*03:01,HLA-DRB3*01:01,HLA-DRB4*01:03,HLA-DRB5*01:01
SOTE412,Allele_1,,,HLA-DRB1*03:147,,,
SOTE412,Allele_2,HLA-DQA1*05:01,HLA-DQB1*06:02,HLA-DRB1*15:01,HLA-DRB3*01:01,HLA-DRB4*01:03,HLA-DRB5*01:01
SOTE418,Allele_1,HLA-DQA1*04:01,HLA-DQB1*03:01,HLA-DRB1*08:01,HLA-DRB3*02:02,,
SOTE418,Allele_1,,HLA-DQB1*03:358N,,,,
SOTE418,Allele_2,HLA-DQA1*05:05,HLA-DQB1*04:02,HLA-DRB1*11:01,HLA-DRB3*02:02,,
SOTE419,Allele_1,HLA-DQA1*01:03,HLA-DQB1*02:01,HLA-DRB1*03:01,HLA-DRB3*01:01,,
SOTE419,Allele_1,,,HLA-DRB1*03:147,,,
SOTE419,Allele_2,HLA-DQA1*05:01,HLA-DQB1*06:03,HLA-DRB1*13:01,HLA-DRB3*01:01,,
SOTE42,Allele_1,HLA-DQA1*01:01,HLA-DQB1*03:01,HLA-DRB1*01:02,HLA-DRB3*02:02,HLA-DRB4*01:03,HLA-DRB5*01:01
SOTE42,Allele_1,,HLA-DQB1*03:358N,,,,
SOTE42,Allele_2,HLA-DQA1*05:05,HLA-DQB1*05:01,HLA-DRB1*11:01,HLA-DRB3*02:02,HLA-DRB4*01:03,HLA-DRB5*02:02
SOTE426,Allele_1,HLA-DQA1*01:02,HLA-DQB1*02:01,HLA-DRB1*03:01,HLA-DRB3*01:01,,HLA-DRB5*02:02
SOTE426,Allele_1,,,HLA-DRB1*03:147,,,
SOTE426,Allele_2,HLA-DQA1*05:01,HLA-DQB1*05:02,HLA-DRB1*16:15#1,HLA-DRB3*01:01,,HLA-DRB5*02:02
SOTE427,Allele_1,HLA-DQA1*01:02,HLA-DQB1*04:02,HLA-DRB1*08:01#1,HLA-DRB3*03:01,,
SOTE427,Allele_2,HLA-DQA1*04:01,HLA-DQB1*06:04,HLA-DRB1*13:02,HLA-DRB3*03:01,,
SOTE428,Allele_1,HLA-DQA1*01:02,HLA-DQB1*03:01,HLA-DRB1*11:04,HLA-DRB3*02:02,,HLA-DRB5*02:02
SOTE428,Allele_1,,HLA-DQB1*03:358N,,HLA-DRB3*02:110,,
SOTE428,Allele_1,,,,HLA-DRB3*02:14,,
SOTE428,Allele_1,,,,HLA-DRB3*02:34,,
SOTE428,Allele_1,,,,HLA-DRB3*02:41,,
SOTE428,Allele_1,,,,HLA-DRB3*02:46,,
SOTE428,Allele_1,,,,HLA-DRB3*02:64,,
SOTE428,Allele_1,,,,HLA-DRB3*02:74,,
SOTE428,Allele_1,,,,HLA-DRB3*02:79,,
SOTE428,Allele_1,,,,HLA-DRB3*02:99,,
SOTE428,Allele_2,HLA-DQA1*05:05,HLA-DQB1*05:02,HLA-DRB1*16:01,HLA-DRB3*02:02,,HLA-DRB5*02:02
SOTE428,Allele_2,,,HLA-DRB1*16:15,HLA-DRB3*02:110,,
SOTE428,Allele_2,,,HLA-DRB1*16:24,HLA-DRB3*02:14,,
SOTE428,Allele_2,,,HLA-DRB1*16:32,HLA-DRB3*02:34,,
SOTE428,Allele_2,,,HLA-DRB1*16:34,HLA-DRB3*02:41,,
SOTE428,Allele_2,,,HLA-DRB1*16:49,HLA-DRB3*02:46,,
SOTE428,Allele_2,,,,HLA-DRB3*02:64,,
SOTE428,Allele_2,,,,HLA-DRB3*02:74,,
SOTE428,Allele_2,,,,HLA-DRB3*02:79,,
SOTE428,Allele_2,,,,HLA-DRB3*02:99,,
SOTE43,Allele_1,HLA-DQA1*02:01,HLA-DQB1*02:02,HLA-DRB1*07:01,HLA-DRB3*03:01,HLA-DRB4*01:01,
SOTE43,Allele_2,HLA-DQA1*06:01,HLA-DQB1*03:01,HLA-DRB1*12:02,HLA-DRB3*03:01,HLA-DRB4*01:01,
SOTE43,Allele_2,,HLA-DQB1*03:358N,,,,
SOTE433,Allele_1,HLA-DQA1*01:01,HLA-DQB1*04:02,HLA-DRB1*01:01,,,HLA-DRB5*02:02
SOTE433,Allele_1,,,HLA-DRB1*01:100,,,
SOTE433,Allele_2,HLA-DQA1*04:01,HLA-DQB1*05:01,HLA-DRB1*08:01,,,HLA-DRB5*02:02
SOTE435,Allele_1,HLA-DQA1*01:02,HLA-DQB1*02:02,HLA-DRB1*07:01,,HLA-DRB4*01:03,HLA-DRB5*02:02
SOTE435,Allele_2,HLA-DQA1*02:01,HLA-DQB1*05:02,HLA-DRB1*16:01,,HLA-DRB4*01:03,HLA-DRB5*02:02
SOTE438,Allele_1,HLA-DQA1*01:02,HLA-DQB1*02:01,HLA-DRB1*03:01,HLA-DRB3*01:01,,HLA-DRB5*01:01
SOTE438,Allele_1,,,HLA-DRB1*03:147,,,
SOTE438,Allele_2,HLA-DQA1*05:01,HLA-DQB1*05:02,HLA-DRB1*15:01,HLA-DRB3*01:01,,HLA-DRB5*01:01
SOTE44,Allele_1,HLA-DQA1*01:01,HLA-DQB1*05:01,HLA-DRB1*01:01,,,HLA-DRB5*02:02
SOTE44,Allele_1,,,HLA-DRB1*01:100,,,
SOTE44,Allele_2,HLA-DQA1*01:02,HLA-DQB1*05:02,HLA-DRB1*16:02,,,HLA-DRB5*02:02
SOTE440,Allele_1,HLA-DQA1*01:01,HLA-DQB1*05:01,HLA-DRB1*01:01,,,HLA-DRB5*01:10N
SOTE440,Allele_1,,,HLA-DRB1*01:100,,,
SOTE440,Allele_2,HLA-DQA1*01:03,HLA-DQB1*05:03,HLA-DRB1*15:02,,,HLA-DRB5*01:10N
SOTE440,Allele_2,,,HLA-DRB1*15:140,,,
SOTE440,Allele_2,,,HLA-DRB1*15:149,,,
SOTE441,Allele_1,HLA-DQA1*01:02,HLA-DQB1*03:01,HLA-DRB1*11:01,HLA-DRB3*02:02,HLA-DRB4*01:03,
SOTE441,Allele_1,,HLA-DQB1*03:358N,,,,
SOTE441,Allele_2,HLA-DQA1*05:05,HLA-DQB1*06:04,HLA-DRB1*13:02,HLA-DRB3*03:01,HLA-DRB4*01:03,
SOTE449,Allele_1,HLA-DQA1*01:02,HLA-DQB1*02:01,HLA-DRB1*03:01,HLA-DRB3*01:01,,HLA-DRB5*01:01
SOTE449,Allele_1,,,HLA-DRB1*03:147,,,
SOTE449,Allele_2,HLA-DQA1*05:01,HLA-DQB1*06:02,HLA-DRB1*15:01,HLA-DRB3*01:01,,HLA-DRB5*01:01
SOTE45,Allele_1,HLA-DQA1*01:02,HLA-DQB1*03:02,HLA-DRB1*04:04,,HLA-DRB4*01:03,HLA-DRB5*01:01
SOTE45,Allele_2,HLA-DQA1*03:01,HLA-DQB1*06:02,HLA-DRB1*15:01,,HLA-DRB4*01:03,HLA-DRB5*01:01
SOTE450,Allele_1,HLA-DQA1*01:03,HLA-DQB1*05:03,HLA-DRB1*13:01,HLA-DRB3*01:01,,
SOTE450,Allele_2,HLA-DQA1*01:04,HLA-DQB1*06:03,HLA-DRB1*14:216,HLA-DRB3*02:02,,
SOTE450,Allele_2,,,HLA-DRB1*14:54,,,
SOTE454,Allele_1,HLA-DQA1*01:02,HLA-DQB1*03:01,HLA-DRB1*11:04,HLA-DRB3*02:02,,HLA-DRB5*02:02
SOTE454,Allele_1,,HLA-DQB1*03:358N,,,,
SOTE454,Allele_2,HLA-DQA1*05:05,HLA-DQB1*05:02,HLA-DRB1*16:01,HLA-DRB3*02:02,,HLA-DRB5*02:02
SOTE454,Allele_2,,,HLA-DRB1*16:15,,,
SOTE454,Allele_2,,,HLA-DRB1*16:24,,,
SOTE454,Allele_2,,,HLA-DRB1*16:32,,,
SOTE454,Allele_2,,,HLA-DRB1*16:34,,,
SOTE454,Allele_2,,,HLA-DRB1*16:42,,,
SOTE454,Allele_2,,,HLA-DRB1*16:49,,,
SOTE454,Allele_2,,,HLA-DRB1*16:59Q,,,
SOTE455,Allele_1,HLA-DQA1*01:03,HLA-DQB1*02:01,HLA-DRB1*03:01,HLA-DRB3*01:01,,HLA-DRB5*02:02
SOTE455,Allele_1,,,HLA-DRB1*03:147,,,
SOTE455,Allele_2,HLA-DQA1*05:01,HLA-DQB1*06:03,HLA-DRB1*13:01,HLA-DRB3*01:01,,HLA-DRB5*02:02
SOTE456,Allele_1,HLA-DQA1*05:01,HLA-DQB1*02:01,HLA-DRB1*03:01,HLA-DRB3*01:01,,
SOTE456,Allele_1,,,HLA-DRB1*03:147,,,
SOTE456,Allele_2,HLA-DQA1*05:03,HLA-DQB1*03:01,HLA-DRB1*08:01,HLA-DRB3*01:01,,
SOTE456,Allele_2,,HLA-DQB1*03:358N,,,,
SOTE458,Allele_1,HLA-DQA1*01:01,HLA-DQB1*03:01,HLA-DRB1*01:02,HLA-DRB3*02:02,,HLA-DRB5*01:10N
SOTE458,Allele_1,,HLA-DQB1*03:358N,,,,
SOTE458,Allele_2,HLA-DQA1*05:05,HLA-DQB1*05:01,HLA-DRB1*11:01,HLA-DRB3*02:02,,HLA-DRB5*01:10N
SOTE462,Allele_1,HLA-DQA1*04:01,HLA-DQB1*02:01,HLA-DRB1*03:01,HLA-DRB3*01:01,,
SOTE462,Allele_1,,,HLA-DRB1*03:104,,,
SOTE462,Allele_1,,,HLA-DRB1*03:147,,,
SOTE462,Allele_1,,,HLA-DRB1*03:68N,,,
SOTE462,Allele_1,,,HLA-DRB1*03:83,,,
SOTE462,Allele_2,HLA-DQA1*05:01,HLA-DQB1*04:02,HLA-DRB1*08:01,HLA-DRB3*01:01,,
SOTE462,Allele_2,,,HLA-DRB1*08:77,,,
SOTE466,Allele_1,HLA-DQA1*01:02,HLA-DQB1*03:02,HLA-DRB1*04:01,,HLA-DRB4*01:03,HLA-DRB5*01:01
SOTE466,Allele_2,HLA-DQA1*03:01,HLA-DQB1*05:02,HLA-DRB1*15:01,,HLA-DRB4*01:03,HLA-DRB5*01:01
SOTE467,Allele_1,HLA-DQA1*01:02,HLA-DQB1*03:01,HLA-DRB1*11:01,HLA-DRB3*02:02,,HLA-DRB5*02:02
SOTE467,Allele_1,,HLA-DQB1*03:358N,,HLA-DRB3*02:110,,
SOTE467,Allele_1,,,,HLA-DRB3*02:34,,
SOTE467,Allele_1,,,,HLA-DRB3*02:41,,
SOTE467,Allele_1,,,,HLA-DRB3*02:46,,
SOTE467,Allele_1,,,,HLA-DRB3*02:64,,
SOTE467,Allele_1,,,,HLA-DRB3*02:74,,
SOTE467,Allele_1,,,,HLA-DRB3*02:79,,
SOTE467,Allele_1,,,,HLA-DRB3*02:99,,
SOTE467,Allele_2,HLA-DQA1*05:09,HLA-DQB1*05:02,HLA-DRB1*16:01,HLA-DRB3*02:02,,HLA-DRB5*02:02
SOTE467,Allele_2,,,HLA-DRB1*16:15,HLA-DRB3*02:110,,
SOTE467,Allele_2,,,HLA-DRB1*16:24,HLA-DRB3*02:34,,
SOTE467,Allele_2,,,HLA-DRB1*16:32,HLA-DRB3*02:41,,
SOTE467,Allele_2,,,HLA-DRB1*16:34,HLA-DRB3*02:46,,
SOTE467,Allele_2,,,HLA-DRB1*16:49,HLA-DRB3*02:64,,
SOTE467,Allele_2,,,,HLA-DRB3*02:74,,
SOTE467,Allele_2,,,,HLA-DRB3*02:79,,
SOTE467,Allele_2,,,,HLA-DRB3*02:99,,
SOTE471,Allele_1,HLA-DQA1*02:01,HLA-DQB1*02:02,HLA-DRB1*04:03,,HLA-DRB4*01:03,HLA-DRB5*01:01
SOTE471,Allele_2,HLA-DQA1*03:01,HLA-DQB1*03:04,HLA-DRB1*07:01,,HLA-DRB4*01:03,HLA-DRB5*01:01
SOTE473,Allele_1,HLA-DQA1*01:02,HLA-DQB1*05:02,HLA-DRB1*15:01,,,HLA-DRB5*01:01
SOTE473,Allele_1,,,,,,HLA-DRB5*01:04
SOTE473,Allele_1,,,,,,HLA-DRB5*01:09
SOTE473,Allele_1,,,,,,HLA-DRB5*01:15
SOTE473,Allele_1,,,,,,HLA-DRB5*01:18
SOTE473,Allele_1,,,,,,HLA-DRB5*01:31
SOTE473,Allele_1,,,,,,HLA-DRB5*01:37
SOTE473,Allele_1,,,,,,HLA-DRB5*01:44
SOTE473,Allele_1,,,,,,HLA-DRB5*01:50
SOTE473,Allele_1,,,,,,HLA-DRB5*01:55
SOTE473,Allele_1,,,,,,HLA-DRB5*01:58N
SOTE473,Allele_1,,,,,,HLA-DRB5*01:62
SOTE473,Allele_1,,,,,,HLA-DRB5*01:71N
SOTE473,Allele_1,,,,,,HLA-DRB5*01:81N
SOTE473,Allele_1,,,,,,HLA-DRB5*01:82
SOTE473,Allele_2,HLA-DQA1*01:02,HLA-DQB1*06:02,HLA-DRB1*16:01,,,HLA-DRB5*02:02
SOTE473,Allele_2,,,HLA-DRB1*16:15,,,HLA-DRB5*02:03
SOTE473,Allele_2,,,HLA-DRB1*16:24,,,HLA-DRB5*02:13
SOTE473,Allele_2,,,HLA-DRB1*16:32,,,HLA-DRB5*02:14
SOTE473,Allele_2,,,HLA-DRB1*16:34,,,
SOTE473,Allele_2,,,HLA-DRB1*16:49,,,
SOTE478,Allele_1,HLA-DQA1*01:03,HLA-DQB1*03:01,HLA-DRB1*04:07,,HLA-DRB4*01:03,HLA-DRB5*01:10N
SOTE478,Allele_1,,HLA-DQB1*03:358N,,,,
SOTE478,Allele_2,HLA-DQA1*03:03,HLA-DQB1*05:03,HLA-DRB1*15:02,,HLA-DRB4*01:03,HLA-DRB5*01:10N
SOTE478,Allele_2,,,HLA-DRB1*15:140,,,
SOTE478,Allele_2,,,HLA-DRB1*15:149,,,
SOTE479,Allele_1,HLA-DQA1*01:05,HLA-DQB1*03:01,HLA-DRB1*10:01,HLA-DRB3*02:02,HLA-DRB4*01:03,HLA-DRB5*01:10N
SOTE479,Allele_1,,HLA-DQB1*03:358N,,,,
SOTE479,Allele_2,HLA-DQA1*05:05,HLA-DQB1*05:01,HLA-DRB1*11:01,HLA-DRB3*02:02,HLA-DRB4*01:03,HLA-DRB5*01:10N
SOTE48,Allele_1,HLA-DQA1*05:01#1,HLA-DQB1*02:01,HLA-DRB1*03:01,HLA-DRB3*01:01,,
SOTE48,Allele_1,,,HLA-DRB1*03:147,,,
SOTE48,Allele_2,HLA-DQA1*05:05#1,HLA-DQB1*03:01,HLA-DRB1*11:04,HLA-DRB3*02:02,,
SOTE48,Allele_2,,HLA-DQB1*03:358N,,,,
SOTE480,Allele_1,HLA-DQA1*04:01,HLA-DQB1*03:01,HLA-DRB1*08:01,HLA-DRB3*02:02,,
SOTE480,Allele_1,,HLA-DQB1*03:358N,HLA-DRB1*08:77,,,
SOTE480,Allele_2,HLA-DQA1*05:05,HLA-DQB1*04:02,HLA-DRB1*11:01,HLA-DRB3*02:02,,
SOTE480,Allele_2,,,HLA-DRB1*11:100,,,
SOTE480,Allele_2,,,HLA-DRB1*11:254,,,
SOTE481,Allele_1,HLA-DQA1*01:04,HLA-DQB1*03:01,HLA-DRB1*13:03,HLA-DRB3*01:01,,HLA-DRB5*01:01
SOTE481,Allele_1,,HLA-DQB1*03:358N,,,,HLA-DRB5*01:18
SOTE481,Allele_1,,,,,,HLA-DRB5*01:31
SOTE481,Allele_1,,,,,,HLA-DRB5*01:44
SOTE481,Allele_1,,,,,,HLA-DRB5*01:50
SOTE481,Allele_2,HLA-DQA1*05:05,HLA-DQB1*05:03,HLA-DRB1*14:04,HLA-DRB3*02:02,,HLA-DRB5*01:01
SOTE481,Allele_2,,,,,,HLA-DRB5*01:18
SOTE481,Allele_2,,,,,,HLA-DRB5*01:31
SOTE481,Allele_2,,,,,,HLA-DRB5*01:44
SOTE481,Allele_2,,,,,,HLA-DRB5*01:50
SOTE482,Allele_1,HLA-DQA1*01:02,HLA-DQB1*03:01,HLA-DRB1*11:03,HLA-DRB3*02:02,,HLA-DRB5*01:01
SOTE482,Allele_1,,HLA-DQB1*03:358N,,,,
SOTE482,Allele_2,HLA-DQA1*05:05,HLA-DQB1*06:02,HLA-DRB1*15:01,HLA-DRB3*02:02,,HLA-DRB5*01:01
SOTE483,Allele_1,HLA-DQA1*03:01,HLA-DQB1*03:01,HLA-DRB1*04:01,HLA-DRB3*02:02,HLA-DRB4*01:03,
SOTE483,Allele_1,,HLA-DQB1*03:02,HLA-DRB1*04:119N,,,
SOTE483,Allele_1,,,HLA-DRB1*04:13,,,
SOTE483,Allele_1,,,HLA-DRB1*04:130,,,
SOTE483,Allele_1,,,HLA-DRB1*04:151,,,
SOTE483,Allele_1,,,HLA-DRB1*04:215,,,
SOTE483,Allele_2,HLA-DQA1*05:05,HLA-DQB1*03:02,HLA-DRB1*11:04,HLA-DRB3*02:02,HLA-DRB4*01:03,
SOTE483,Allele_2,,HLA-DQB1*03:358N,,,,
SOTE485,Allele_1,HLA-DQA1*01:02,HLA-DQB1*05:02,HLA-DRB1*15:01,,,HLA-DRB5*01:01
SOTE485,Allele_1,,,,,,HLA-DRB5*01:15
SOTE485,Allele_1,,,,,,HLA-DRB5*01:18
SOTE485,Allele_1,,,,,,HLA-DRB5*01:31
SOTE485,Allele_1,,,,,,HLA-DRB5*01:44
SOTE485,Allele_1,,,,,,HLA-DRB5*01:50
SOTE485,Allele_1,,,,,,HLA-DRB5*01:81N
SOTE485,Allele_2,HLA-DQA1*01:02,HLA-DQB1*06:02,HLA-DRB1*16:01,,,HLA-DRB5*02:02
SOTE485,Allele_2,,,HLA-DRB1*16:15,,,HLA-DRB5*02:03
SOTE485,Allele_2,,,HLA-DRB1*16:24,,,HLA-DRB5*02:13
SOTE485,Allele_2,,,HLA-DRB1*16:32,,,
SOTE485,Allele_2,,,HLA-DRB1*16:34,,,
SOTE485,Allele_2,,,HLA-DRB1*16:49,,,
SOTE486,Allele_1,HLA-DQA1*03:03,HLA-DQB1*02:01,HLA-DRB1*03:01,HLA-DRB3*01:01,HLA-DRB4*01:03,
SOTE486,Allele_1,,,HLA-DRB1*03:147,,,
SOTE486,Allele_2,HLA-DQA1*05:01,HLA-DQB1*03:01,HLA-DRB1*04:07,HLA-DRB3*01:01,HLA-DRB4*01:03,
SOTE486,Allele_2,,HLA-DQB1*03:358N,,,,
SOTE49,Allele_1,HLA-DQA1*01:01,HLA-DQB1*03:01,HLA-DRB1*01:01,,HLA-DRB4*01:03,
SOTE49,Allele_1,,HLA-DQB1*03:358N,HLA-DRB1*01:100,,,
SOTE49,Allele_2,HLA-DQA1*03:03,HLA-DQB1*05:01,HLA-DRB1*04:01,,HLA-DRB4*01:03,
SOTE499,Allele_1,HLA-DQA1*01:03,HLA-DQB1*03:01,HLA-DRB1*11:04,HLA-DRB3*02:02,,
SOTE499,Allele_1,,HLA-DQB1*03:358N,,,,
SOTE499,Allele_2,HLA-DQA1*05:05,HLA-DQB1*06:03,HLA-DRB1*13:01,HLA-DRB3*02:02,,
SOTE5,Allele_1,HLA-DQA1*02:01,HLA-DQB1*03:01,HLA-DRB1*07:01,HLA-DRB3*02:02,HLA-DRB4*01:03,
SOTE5,Allele_1,,HLA-DQB1*03:03,,,,
SOTE5,Allele_2,HLA-DQA1*05:05,HLA-DQB1*03:03,HLA-DRB1*11:01,HLA-DRB3*02:02,HLA-DRB4*01:03,
SOTE5,Allele_2,,HLA-DQB1*03:358N,,,,
SOTE500,Allele_1,HLA-DQA1*01:04,HLA-DQB1*02:02,HLA-DRB1*07:01,HLA-DRB3*02:02,HLA-DRB4*01:03,
SOTE500,Allele_2,HLA-DQA1*02:01,HLA-DQB1*05:03,HLA-DRB1*14:216,HLA-DRB3*02:02,HLA-DRB4*01:03,
SOTE500,Allele_2,,,HLA-DRB1*14:54,,,
SOTE503,Allele_1,HLA-DQA1*05:01,HLA-DQB1*02:01,HLA-DRB1*03:01,HLA-DRB3*02:02,,
SOTE503,Allele_1,,,HLA-DRB1*03:147,HLA-DRB3*02:110,,
SOTE503,Allele_1,,,,HLA-DRB3*02:34,,
SOTE503,Allele_1,,,,HLA-DRB3*02:41,,
SOTE503,Allele_1,,,,HLA-DRB3*02:46,,
SOTE503,Allele_1,,,,HLA-DRB3*02:64,,
SOTE503,Allele_1,,,,HLA-DRB3*02:74,,
SOTE503,Allele_1,,,,HLA-DRB3*02:79,,
SOTE503,Allele_1,,,,HLA-DRB3*02:99,,
SOTE503,Allele_2,HLA-DQA1*05:05,HLA-DQB1*03:01,HLA-DRB1*11:01,HLA-DRB3*02:02,,
SOTE503,Allele_2,,HLA-DQB1*03:358N,,HLA-DRB3*02:110,,
SOTE503,Allele_2,,,,HLA-DRB3*02:34,,
SOTE503,Allele_2,,,,HLA-DRB3*02:41,,
SOTE503,Allele_2,,,,HLA-DRB3*02:46,,
SOTE503,Allele_2,,,,HLA-DRB3*02:64,,
SOTE503,Allele_2,,,,HLA-DRB3*02:74,,
SOTE503,Allele_2,,,,HLA-DRB3*02:79,,
SOTE503,Allele_2,,,,HLA-DRB3*02:99,,
SOTE504,Allele_1,HLA-DQA1*02:01,HLA-DQB1*02:02,HLA-DRB1*07:01,,HLA-DRB4*01:03,
SOTE504,Allele_2,HLA-DQA1*04:01,HLA-DQB1*04:02,HLA-DRB1*08:01,,HLA-DRB4*01:03,
SOTE508,Allele_1,HLA-DQA1*01:02,HLA-DQB1*02:01,HLA-DRB1*03:01,HLA-DRB3*01:01,,HLA-DRB5*01:01
SOTE508,Allele_1,,,HLA-DRB1*03:147,,,
SOTE508,Allele_2,HLA-DQA1*05:01,HLA-DQB1*06:02,HLA-DRB1*15:01,HLA-DRB3*01:01,,HLA-DRB5*01:01
SOTE51,Allele_1,HLA-DQA1*02:01,HLA-DQB1*03:01,HLA-DRB1*07:01,HLA-DRB3*02:02,HLA-DRB4*01:03,
SOTE51,Allele_1,,HLA-DQB1*03:03,,,,
SOTE51,Allele_2,HLA-DQA1*05:05,HLA-DQB1*03:03,HLA-DRB1*11:01,HLA-DRB3*02:02,HLA-DRB4*01:03,
SOTE51,Allele_2,,HLA-DQB1*03:358N,,,,
SOTE514,Allele_1,HLA-DQA1*01:03,HLA-DQB1*02:01,HLA-DRB1*03:01,HLA-DRB3*01:01,,
SOTE514,Allele_1,,,HLA-DRB1*03:147,,,
SOTE514,Allele_2,HLA-DQA1*05:01,HLA-DQB1*06:03,HLA-DRB1*13:01,HLA-DRB3*01:01,,
SOTE53,Allele_1,HLA-DQA1*01:02,HLA-DQB1*05:03,HLA-DRB1*14:54,HLA-DRB3*02:02,,HLA-DRB5*01:01
SOTE53,Allele_2,HLA-DQA1*01:04,HLA-DQB1*06:02,HLA-DRB1*15:01,HLA-DRB3*02:02,,HLA-DRB5*01:01
SOTE536,Allele_1,HLA-DQA1*02:01,HLA-DQB1*02:02,HLA-DRB1*04:01,,HLA-DRB4*01:03,HLA-DRB5*01:02
SOTE536,Allele_2,HLA-DQA1*03:01,HLA-DQB1*03:02,HLA-DRB1*07:01,,HLA-DRB4*01:03,HLA-DRB5*01:02#1
SOTE55,Allele_1,HLA-DQA1*04:01,HLA-DQB1*03:01,HLA-DRB1*08:01,HLA-DRB3*02:02,,
SOTE55,Allele_1,,HLA-DQB1*03:358N,,,,
SOTE55,Allele_2,HLA-DQA1*05:05,HLA-DQB1*04:02,HLA-DRB1*11:04,HLA-DRB3*02:02,,
SOTE567,Allele_1,,,,,,
SOTE567,Allele_2,,,,,,
SOTE58,Allele_1,HLA-DQA1*01:02,HLA-DQB1*03:03,HLA-DRB1*09:01,,HLA-DRB4*01:03,HLA-DRB5*01:01
SOTE58,Allele_1,,,HLA-DRB1*09:31,,,
SOTE58,Allele_2,HLA-DQA1*03:02,HLA-DQB1*06:02,HLA-DRB1*15:01,,HLA-DRB4*01:03,HLA-DRB5*01:01
SOTE589,Allele_1,HLA-DQA1*01:01,HLA-DQB1*03:69#1,HLA-DRB1*01:01,HLA-DRB3*02:02,,
SOTE589,Allele_1,,,HLA-DRB1*01:100,,,
SOTE589,Allele_2,HLA-DQA1*05:05,HLA-DQB1*05:01,HLA-DRB1*11:03,HLA-DRB3*02:02,,
SOTE6,Allele_1,HLA-DQA1*01:02,HLA-DQB1*02:02,HLA-DRB1*07:01,,HLA-DRB4*01:03,HLA-DRB5*01:01
SOTE6,Allele_2,HLA-DQA1*02:01,HLA-DQB1*06:02,HLA-DRB1*15:01,,HLA-DRB4*01:03,HLA-DRB5*01:01
SOTE60,Allele_1,HLA-DQA1*01:01,HLA-DQB1*05:01,HLA-DRB1*01:01,HLA-DRB3*02:02,,HLA-DRB5*02:02
SOTE60,Allele_1,,,HLA-DRB1*01:100,,,
SOTE60,Allele_2,HLA-DQA1*01:04,HLA-DQB1*05:03,HLA-DRB1*14:04,HLA-DRB3*02:02,,HLA-DRB5*02:02#1
SOTE61,Allele_1,HLA-DQA1*01:03,HLA-DQB1*03:01,HLA-DRB1*11:01,HLA-DRB3*02:02,,HLA-DRB5*01:10N
SOTE61,Allele_1,,HLA-DQB1*03:358N,,,,
SOTE61,Allele_2,HLA-DQA1*05:09,HLA-DQB1*05:03,HLA-DRB1*15:02,HLA-DRB3*02:02,,HLA-DRB5*01:10N
SOTE61,Allele_2,,,HLA-DRB1*15:140,,,
SOTE61,Allele_2,,,HLA-DRB1*15:149,,,
SOTE65,Allele_1,HLA-DQA1*01:02,HLA-DQB1*05:02,HLA-DRB1*13:01,HLA-DRB3*01:01,HLA-DRB4*01:03,HLA-DRB5*02:02
SOTE65,Allele_2,HLA-DQA1*01:03,HLA-DQB1*06:03,HLA-DRB1*16:01,HLA-DRB3*01:01,HLA-DRB4*01:03,HLA-DRB5*02:02
SOTE66,Allele_1,HLA-DQA1*01:03,HLA-DQB1*03:01,HLA-DRB1*11:04,HLA-DRB3*01:01,,HLA-DRB5*01:01
SOTE66,Allele_1,,HLA-DQB1*03:358N,,,,
SOTE66,Allele_2,HLA-DQA1*05:05,HLA-DQB1*06:03,HLA-DRB1*13:01,HLA-DRB3*02:02,,HLA-DRB5*01:01
SOTE68,Allele_1,HLA-DQA1*01:02,HLA-DQB1*05:02,HLA-DRB1*15:02,,,HLA-DRB5*01:10N
SOTE68,Allele_1,,,HLA-DRB1*15:140,,,
SOTE68,Allele_1,,,HLA-DRB1*15:149,,,
SOTE68,Allele_2,HLA-DQA1*01:03,HLA-DQB1*05:03,HLA-DRB1*16:01,,,HLA-DRB5*02:02
SOTE68,Allele_2,,,HLA-DRB1*16:15,,,
SOTE68,Allele_2,,,HLA-DRB1*16:24,,,
SOTE68,Allele_2,,,HLA-DRB1*16:34,,,
SOTE68,Allele_2,,,HLA-DRB1*16:49,,,
SOTE69,Allele_1,HLA-DQA1*02:01,HLA-DQB1*03:03,HLA-DRB1*07:01,,HLA-DRB4*01:03,
SOTE69,Allele_2,HLA-DQA1*04:01,HLA-DQB1*04:02,HLA-DRB1*08:01,,HLA-DRB4*01:03,
SOTE70,Allele_1,HLA-DQA1*05:01,HLA-DQB1*02:01,HLA-DRB1*03:01,HLA-DRB3*01:01,HLA-DRB4*01:03,
SOTE70,Allele_1,,,HLA-DRB1*03:147,,,
SOTE70,Allele_2,HLA-DQA1*05:05,HLA-DQB1*03:01,HLA-DRB1*13:03,HLA-DRB3*01:01,HLA-DRB4*01:03,
SOTE70,Allele_2,,HLA-DQB1*03:358N,,,,
SOTE71,Allele_1,HLA-DQA1*05:01,HLA-DQB1*02:01,HLA-DRB1*03:01,HLA-DRB3*01:01,,
SOTE71,Allele_1,,,HLA-DRB1*03:147,,,
SOTE71,Allele_2,HLA-DQA1*05:05,HLA-DQB1*03:01,HLA-DRB1*11:01,HLA-DRB3*02:02,,
SOTE71,Allele_2,,HLA-DQB1*03:358N,,,,
SOTE728,Allele_1,HLA-DQA1*02:01,HLA-DQB1*02:02,HLA-DRB1*07:01,HLA-DRB3*02:02,HLA-DRB4*01:03,
SOTE728,Allele_2,HLA-DQA1*05:05,HLA-DQB1*03:01,HLA-DRB1*11:04,HLA-DRB3*02:02,HLA-DRB4*01:03,
SOTE728,Allele_2,,HLA-DQB1*03:358N,,,,
SOTE73,Allele_1,HLA-DQA1*01:04,HLA-DQB1*03:01,HLA-DRB1*11:04,HLA-DRB3*02:02,,
SOTE73,Allele_1,,HLA-DQB1*03:358N,,HLA-DRB3*02:34,,
SOTE73,Allele_1,,,,HLA-DRB3*02:46,,
SOTE73,Allele_1,,,,HLA-DRB3*02:64,,
SOTE73,Allele_1,,,,HLA-DRB3*02:74,,
SOTE73,Allele_1,,,,HLA-DRB3*02:79,,
SOTE73,Allele_2,HLA-DQA1*05:05,HLA-DQB1*05:03,HLA-DRB1*14:04,HLA-DRB3*02:02,,
SOTE73,Allele_2,,,,HLA-DRB3*02:34,,
SOTE73,Allele_2,,,,HLA-DRB3*02:46,,
SOTE73,Allele_2,,,,HLA-DRB3*02:64,,
SOTE73,Allele_2,,,,HLA-DRB3*02:74,,
SOTE73,Allele_2,,,,HLA-DRB3*02:79,,
SOTE74,Allele_1,HLA-DQA1*01:03,HLA-DQB1*02:02,HLA-DRB1*07:01,HLA-DRB3*01:01,HLA-DRB4*01:01,
SOTE74,Allele_2,HLA-DQA1*02:01,HLA-DQB1*06:03,HLA-DRB1*13:01,HLA-DRB3*01:01,HLA-DRB4*01:01,
SOTE75,Allele_1,HLA-DQA1*01:01,HLA-DQB1*05:01,HLA-DRB1*01:01,HLA-DRB3*01:01,,
SOTE75,Allele_1,,,HLA-DRB1*01:100,,,
SOTE75,Allele_2,HLA-DQA1*01:03,HLA-DQB1*06:03,HLA-DRB1*13:01,HLA-DRB3*01:01,,
SOTE755,Allele_1,HLA-DQA1*01:01,HLA-DQB1*03:01,HLA-DRB1*01:01,HLA-DRB3*02:02,,
SOTE755,Allele_1,,HLA-DQB1*03:358N,HLA-DRB1*01:100,HLA-DRB3*02:110,,
SOTE755,Allele_1,,,,HLA-DRB3*02:34,,
SOTE755,Allele_1,,,,HLA-DRB3*02:46,,
SOTE755,Allele_1,,,,HLA-DRB3*02:64,,
SOTE755,Allele_1,,,,HLA-DRB3*02:74,,
SOTE755,Allele_1,,,,HLA-DRB3*02:79,,
SOTE755,Allele_2,HLA-DQA1*05:05,HLA-DQB1*05:01,HLA-DRB1*11:04,HLA-DRB3*02:02,,
SOTE755,Allele_2,,,,HLA-DRB3*02:110,,
SOTE755,Allele_2,,,,HLA-DRB3*02:34,,
SOTE755,Allele_2,,,,HLA-DRB3*02:46,,
SOTE755,Allele_2,,,,HLA-DRB3*02:64,,
SOTE755,Allele_2,,,,HLA-DRB3*02:74,,
SOTE755,Allele_2,,,,HLA-DRB3*02:79,,
SOTE76,Allele_1,HLA-DQA1*01:01,HLA-DQB1*03:01,HLA-DRB1*01:01,HLA-DRB3*02:02,,
SOTE76,Allele_1,,HLA-DQB1*03:358N,HLA-DRB1*01:100,,,
SOTE76,Allele_2,HLA-DQA1*05:05,HLA-DQB1*05:01,HLA-DRB1*12:01,HLA-DRB3*02:02,,
SOTE76,Allele_2,,,HLA-DRB1*12:10,,,
SOTE77,Allele_1,HLA-DQA1*02:01,HLA-DQB1*03:03,HLA-DRB1*04:08,,HLA-DRB4*01:03,
SOTE77,Allele_2,HLA-DQA1*03:03,HLA-DQB1*03:04,HLA-DRB1*07:01,,HLA-DRB4*01:03,
SOTE78,Allele_1,HLA-DQA1*01:04,HLA-DQB1*03:01,HLA-DRB1*11:43,HLA-DRB3*02:02,,
SOTE78,Allele_1,,HLA-DQB1*03:358N,,,,
SOTE78,Allele_2,HLA-DQA1*05:05,HLA-DQB1*05:03,HLA-DRB1*14:216,HLA-DRB3*02:02,,
SOTE78,Allele_2,,,HLA-DRB1*14:54,,,
SOTE79,Allele_1,HLA-DQA1*01:03,HLA-DQB1*04:02,HLA-DRB1*04:10,HLA-DRB3*01:01,HLA-DRB4*01:03,
SOTE79,Allele_2,HLA-DQA1*03:03,HLA-DQB1*06:03,HLA-DRB1*13:01,HLA-DRB3*01:01,HLA-DRB4*01:03,
SOTE8,Allele_1,HLA-DQA1*01:01,HLA-DQB1*03:03,HLA-DRB1*01:02,,HLA-DRB4*01:03,
SOTE8,Allele_2,HLA-DQA1*02:01,HLA-DQB1*05:01,HLA-DRB1*07:01,,HLA-DRB4*01:03,
SOTE89,Allele_1,HLA-DQA1*01:01,HLA-DQB1*05:01,HLA-DRB1*01:01,HLA-DRB3*01:01,HLA-DRB4*01:03,
SOTE89,Allele_1,,,HLA-DRB1*01:100,,,
SOTE89,Allele_2,HLA-DQA1*01:03,HLA-DQB1*06:03,HLA-DRB1*13:01,HLA-DRB3*01:01,HLA-DRB4*01:03,
SOTE9,Allele_1,HLA-DQA1*01:02,HLA-DQB1*02:02,HLA-DRB1*07:01,,HLA-DRB4*01:03,HLA-DRB5*01:01
SOTE9,Allele_2,HLA-DQA1*02:01,HLA-DQB1*06:02,HLA-DRB1*15:01,,HLA-DRB4*01:03,HLA-DRB5*01:01
SOTE93,Allele_1,HLA-DQA1*01:01,HLA-DQB1*03:04,HLA-DRB1*01:01,,HLA-DRB4*01:03,HLA-DRB5*02:02
SOTE93,Allele_1,,,HLA-DRB1*01:100,,,
SOTE93,Allele_2,HLA-DQA1*03:03,HLA-DQB1*05:01,HLA-DRB1*04:08,,HLA-DRB4*01:03,HLA-DRB5*02:21#1
SOTE94,Allele_1,HLA-DQA1*01:02,HLA-DQB1*02:02,HLA-DRB1*07:01,,HLA-DRB4*01:03,HLA-DRB5*02:02
SOTE94,Allele_2,HLA-DQA1*02:01,HLA-DQB1*05:02,HLA-DRB1*16:01,,HLA-DRB4*01:03,HLA-DRB5*02:02
SOTE96,Allele_1,HLA-DQA1*02:01,HLA-DQB1*02:02,HLA-DRB1*04:07,,HLA-DRB4*01:03,HLA-DRB5*01:01
SOTE96,Allele_2,HLA-DQA1*03:01,HLA-DQB1*03:02,HLA-DRB1*07:01,,HLA-DRB4*01:03,HLA-DRB5*01:01
